Site.Code,Site,Subsite,Subsite.Name,Ocean,Coast,First.Year.In.ZEN,Latitude,Longitude,Sampling.Time,Month,Date.Collected,Temperature.C,Salinity.ppt,Day.length.hours,Depth.Categorical,Depth.m,Perc.Silt,Perc.Sand,Perc.Gravel,GenotypicRichness,AllelicRichness,Inbreeding,NOTES,Mean.Shoots.Zmarina.per.m2,SD.Shoots.Zmarina.per.m2,SE.Shoots.Zmarina.per.m2,Std.Total.Abund.Mesograzers1,Std.Total.Abund.Molluscs1,Std.Total.Abund.Crustacean1s,Std.Total.Abund.Amphipods1,Std.Abund.Gammarids1,Std.Abund.Caprellids1,Std.Abund.Isopods1,Std.Abund.Gastropods1,Std.Abund.Polychaetes1,SE.Std.Total.Abund.Mesograzers,SE.Std.Total.Abund.Molluscs,SE.Std.Total.Abund.Crustaceans,SE.Std.Total.Abund.Amphipods,SE.Std.Abund.Gammaridss,SE.Std.Abund.Caprellids,SE.Std.Abund.Isopods,SE.Std.Abund.Gastropods,SE.Std.Abund.Polychaetes,SD.Std.Total.Abund.Mesograzers,SD.Std.Total.Abund.Molluscs,SD.Std.Total.Abund.Crustaceans,SD.Std.Total.Abund.Amphipods,SD.Std.Abund.Gammaridss,SD.Std.Abund.Caprellids,SD.Std.Abund.Isopods,SD.Std.Abund.Gastropods,SD.Std.Abund.Polychaetes,Std.Total.Biomass.Mesograzers1,Std.Total.Biomass.Molluscs1,Std.Total.Biomass.Crustacean1s,Std.Total.Biomass.Amphipods1,Std.Biomass.Gammarids1,Std.Biomass.Caprellids1,Std.Biomass.Isopods1,Std.Biomass.Gastropods1,Std.Biomass.Polychaetes1,SE.Std.Total.Biomass.Mesograzers,SE.Std.Total.Biomass.Molluscs,SE.Std.Total.Biomass.Crustaceans,SE.Std.Total.Biomass.Amphipods,SE.Std.Biomass.Gammaridss,SE.Std.Biomass.Caprellids,SE.Std.Biomass.Isopods,SE.Std.Biomass.Gastropods,SE.Std.Biomass.Polychaetes,SD.Std.Total.Biomass.Mesograzers,SD.Std.Total.Biomass.Molluscs,SD.Std.Total.Biomass.Crustaceans,SD.Std.Total.Biomass.Amphipods,SD.Std.Biomass.Gammaridss,SD.Std.Biomass.Caprellids,SD.Std.Biomass.Isopods,SD.Std.Biomass.Gastropods,SD.Std.Biomass.Polychaetes,Mean.Grazer.Richness,SE.Grazer.Richness,SD.Grazer.Richness,Total.Grazer.Richness,Mean.Site.Std.Periphyton,SD.Site.Std.Periphyton,SE.Site.Std.Periphyton,Mean.Site.Std.SessileInvertebrate,SD.Site.Std.SessileInvertebrate,SE.Site.Std.SessileInvertebrate,Mean.Site.Std.TotalEpibiota,SD.Site.Std.TotalEpibiota,SE.Site.Std.TotalEpibiota,Mean.Pred.Amphipod,Mean.Pred.Gastropod,Mean.Pred.Isopod,Mean.Pred.Lettuce,Mean.Pred.Shrimp,Mean.Pred.Squid,SE.Pred.Amphipod,SE.Pred.Gastropod,SE.Pred.Isopod,SE.Pred.Lettuce,SE.Pred.Shrimp,SE.Pred.Squid,Mean.Macroalgae.g.m2,SD.Mean.Macroalgae.g.m2,SE.Mean.Macroalgae.g.m2,Sheath.Width.cm.,Shealth.Length.cm.,Longest.Leaf.Length.cm.,SD.Sheath.Width.cm.,SD.Shealth.Length.cm.,SD.Longest.Leaf.Length.cm.,SE.Sheath.Width.cm.,SE.Shealth.Length.cm.,SE.Longest.Leaf.Length.cm.,Site.Code,Site,Below.Zmarina.g,Below.OtherSeagrass.g,Above.Zmarina.g,Above.OtherSeagrass.g,Macroalgae.g,TOTAL.Seagrass.Biomass,Total.Seagrass.Biomass.Above,Total.Seagrass.Biomass.Below,SD.Below.Zmarina.g,SD.Below.OtherSeagrass.g,SD.Mean.Above.Zmarina.g,SD.Above.OtherSeagrass.g,SD.Macroalgae.g,SD.Mean.Total.Seagrass.Biomass.Above,SD.Mean.Total.Seagrass.Biomass.Below,SE.Below.Zmarina.g,SE.Below.OtherSeagrass.g,SE.Mean.Above.Zmarina.g,SE.Above.OtherSeagrass.g,SE.Macroalgae.g,SE.Mean.Total.Seagrass.Biomass.Above,SE.Mean.Total.Seagrass.Biomass.Below,Mean.Leaf.PercN,Mean.Leaf.PercC,SD.Mean.Leaf.PercN,SD.Mean.Leaf.PercC,SE.Mean.Leaf.PercN,SE.Mean.Leaf.PercC
BB,BB.A,A,"Westside Park, Bodega Bay",Pacific,East.Pacific,2011,38.319755,-123.055136,1,July,2014-07-01,13,33,14.5,Intertidal,0.82,29.455,69.68,0,1,6.72,0.1301,,327.062643237,215.422572703802,48.1699516453591,6.69057423521317,0.235207051009395,6.45536718420378,6.26808895064387,1.53924980900133,4.72883914164254,0.119131145488583,0.235207051009395,0,1.3037457975363,0.0859039759722367,1.28868106478598,1.29039306197554,0.265137152336435,1.13907701476335,0.0537450087626554,0.0859039759722367,0,5.83052845734167,0.38417425962286,5.76315692435654,5.77081320854283,1.18572939196997,5.09410727323675,0.240354986089239,0.38417425962286,0,3.62383951544025,0.330539379933461,3.29330013550678,2.35381319092781,0.676395084919101,1.67741810600871,0.932327168205222,0.330539379933461,0,0.804771837963034,0.150099783671267,0.819572605357734,0.522298219434862,0.219682325150578,0.39978643557155,0.539405561909181,0.150099783671267,0,3.59904907212558,0.671266639393932,3.66524011615301,2.33578864636691,0.982449224983807,1.78789929284065,2.4122950077408,0.671266639393932,0,6.35,0.493510518204979,2.20704613263496,22,0.336948400217078,0.24731640336116,0.0553016289866311,0,0,0,0.336948400217078,0.24731640336116,0.0553016289866311,0.473684210526316,0.1875,NA,0.2,NA,0.35,0.117687788289463,0.100778221853732,NA,0.0917662935482247,NA,0.109424330980483,51.79235,80.1529187066001,17.9227374822972,0.74425,14.72,67.811875,0.0936788326368904,5.06399734191749,21.2783442834277,0.0209472237828913,1.13234422944057,4.75798242663883,BB,BB.A,63.45775,0,186.85,0,NA,250.30775,186.85,63.45775,40.7503524839453,0,133.650476991292,0,NA,133.650476991292,40.7503524839453,9.11205582611792,0,29.8851551777802,0,NA,29.8851551777802,9.11205582611792,2.95128000975,35.2364868165,0.297687568228478,0.297687568228478,0.0665649638615484,0.269222680358486
BB,BB.B,B,"Sacramento Landing, Tomales Bay",Pacific,East.Pacific,2014,38.1496437,-122.9063846,1,July,2014-07-01,18.4,34,14.5,Intertidal,1.6,NA,NA,NA,0.95,6.54,0.0757,,389.928698771,253.361406574426,56.6533327975379,5.14774126243252,0.600590822914935,4.54715043951759,3.6447600890918,0.337841859393203,3.3069182296986,0.0309164042876853,0.600590822914935,0,0.634595868548109,0.131787123941537,0.57640286645816,0.496286538402199,0.0793897124177125,0.48049720068943,0.0174429578282325,0.131787123941537,0,2.83799900062818,0.589369935384932,2.57775198365236,2.21946087237075,0.355041587360328,2.14884880747985,0.0780072788651801,0.589369935384932,0,4.3143239340063,NA,NA,NA,NA,NA,NA,NA,NA,0.923022825545614,0.891659498334647,0.281913872480507,0.224093826521983,0.02213521131595,0.216486950309507,0.142014583244208,0.891659498334647,0,4.12788356540785,NA,NA,NA,NA,NA,NA,NA,NA,4.65,0.498814383787882,2.23076574060875,17,0.141452707605074,0.0601042797277839,0.0134397255209987,0.375009244230137,0.809882385513023,0.181095206778681,0.51646195183521,0.822608779782878,0.183940915048267,0.85,0.15,NA,0.25,NA,0.35,0.0819178021909125,0.0819178021909125,NA,0.0993399267798783,NA,0.109424330980483,0,0,0,0.823125,17.06125,73.30875,0.0890626442750447,4.02134498153619,14.2873247905636,0.0199150126854883,0.899200073969256,3.19474294483181,BB,BB.B,183.45,0,241.05,0,0,424.5,241.05,183.45,54.924325930751,0,69.8805183302561,0,0,69.8805183302561,54.924325930751,12.2814526399514,0,15.6257589289373,0,0,15.6257589289373,12.2814526399514,2.07589790215,32.90232319835,0.453184069125382,0.453184069125382,0.101335038488432,1.53528714368235
BC,BC.A,A,Tsawwassen,Pacific,East.Pacific,2011,49,-123.1,1,May,2014-05-16,24.5,26,14,Intertidal,0.5,13.895,86.04,0,1,5.2,0.0372,,75.0300119992857,40.6622721132344,10.867449343964,5.90894550629006,1.69818024090115,3.18082954449239,2.88076823958918,1.66895023298792,1.21181800660126,0.13963949420495,1.69818024090115,1.02993572089652,0.557444588921497,0.241216802745186,0.376888312116983,0.346655159609302,0.18868360286438,0.245039734855638,0.0396595209391507,0.241216802745186,0.221155576966126,2.29840292055235,0.994562356392181,1.55395031991908,1.4292958387345,0.777962424431933,1.01032470928314,0.163520393893514,0.994562356392181,0.911847803525754,20.6256019638834,9.3412602139849,4.0860912478088,2.18299379491905,1.87802127132447,0.304972523594573,1.83974455188009,9.3412602139849,7.1982505020897,3.38472144384614,2.0535412810337,0.793330409316069,0.461148060806205,0.45026137989561,0.0623744611592403,0.653604230628364,2.0535412810337,2.04082553125891,13.9555640262707,8.46696760826816,3.27098507362465,1.90136216375274,1.85647522844596,0.257176491700534,2.69487928023131,8.46696760826816,8.41453922883777,8.3,0.465097612844534,2.07997975698652,20,0.0146094334953704,0.0081300267864129,0.00181792925533134,0,0,0,0.0146094334953704,0.0081300267864129,0.00181792925533134,0.947368421052632,0.25,NA,0.45,NA,0.55,0.0526315789473684,0.0993399267798783,NA,0.114132886537902,NA,0.114132886537902,84.7645,23.0986559109992,5.16501648058715,0.7545,16.7416,59.6941,0.107236825960606,3.79300889310293,12.8610807186889,0.0239788832539229,0.848142572423938,2.87582507511002,BC,BC.A,75.8125,0,45.4375,0,0,121.25,45.4375,75.8125,33.0226518576914,0,18.5615530061469,0,0,18.5615530061469,33.0226518576914,11.675270530668,0,6.5625,0,0,6.5625,11.675270530668,2.7535080612,35.4343316075,0.430937704308907,0.430937704308907,0.0963606000902419,0.856978444888878
BC,BC.B,B,White Rock,Pacific,East.Pacific,2014,49,-122.8,1,May,2014-05-29,22.5,26,14,Intertidal,0.5,NA,NA,NA,0.95,6,0.0775,,210.084033609,134.809998644389,30.1444321015508,41.2151470600651,13.2263871393727,24.5234294346888,23.1301302108703,1.05918551399553,22.0709446968748,0.067374128367504,13.2263871393727,3.46533048600366,3.23924972795359,1.82058181711487,2.22833186706506,2.20257209302368,0.259543563541863,2.10875954244141,0.0328979442794233,1.82058181711487,0.621272717734293,14.4863651756038,8.1418894033379,9.96540306237302,9.85020185068988,1.16071410240428,9.43065937020071,0.147124079457582,8.1418894033379,2.77841605883984,64.9151926940113,17.8093903349733,15.4287139688319,12.8181530579823,0.525506819414789,12.2926462385675,2.05903531680559,17.8093903349733,31.6770883902061,10.0891247193978,4.66949387721773,1.9823529447123,1.66332721203764,0.152217179739514,1.67189384622018,1.06173494318054,4.66949387721773,5.23364625289503,45.1199374120938,20.8826114599558,8.86535187954718,7.43862542988274,0.680735922481715,7.47693658262382,4.74822301407711,20.8826114599558,23.4055775833207,7.85,0.371872926796521,1.66306628661765,14,0.0292714193723686,0.0129404912117471,0.00289358180117051,0,0,0,0.0292714193723686,0.0129404912117471,0.00289358180117051,0.263157894736842,0.294117647058824,NA,0.368421052631579,NA,0.25,0.103790873387713,0.113911274888453,NA,0.113697205235226,NA,0.0993399267798783,0.14385,0.424430674396209,0.0949055839686003,0.5535,9.987,50.169,0.0461433692562191,1.83739260337778,10.5728679075014,0.010317971036778,0.410853476250802,2.36416513582992,BC,BC.B,253.175,0,70.35,0,0,323.525,70.35,253.175,61.0882181335881,0,38.1186168081742,0,0,38.1186168081742,61.0882181335881,13.6597408371038,0,8.52358183913436,0,0,8.52358183913436,13.6597408371038,1.97843164205,36.053584671,0.248517288060305,0.248517288060305,0.0555701549686739,0.291417153339776
CR,CR.A,A,Posedarje,Atlantic,East.Atlantic,2014,44.21154996,15.4906946,1,May,2014-05-17,17,25,14.85,Subtidal,3,NA,NA,NA,0.84,4.06,-0.1127,,332.63305322675,74.9886617652712,16.7679745248886,0,0,0,0,0,0,0,0,0,0,0,0,0,0,0,0,0,0,0,0,0,0,0,0,0,0,0,0,NA,NA,NA,NA,NA,NA,NA,NA,0,NA,NA,NA,NA,NA,NA,NA,NA,0,NA,NA,NA,NA,NA,NA,NA,NA,0,0,0,0,0.309004067910004,0.178517463829243,0.0399177184293047,0,0,0,0.309004067910004,0.178517463829243,0.0399177184293047,0.8,0.4,NA,0,NA,0.842105263157895,0.0917662935482247,0.112390297389803,NA,0,NA,0.085947008518708,0,0,0,0.529458333333333,9.68841666666667,47.2617916666667,0.0365811153066172,1.33333503015243,5.69439756397405,0.00817978605183541,0.298142776420256,1.27330600439552,CR,CR.A,43.9473684210526,23.6315789473684,80.325,24.216,0,144.525,104.541,64.2,14.0038632931953,14.4682047044,28.3712581581023,12.2142050175411,0,31.9032903599217,27.0751391112721,3.21270657443142,3.31923380004943,6.34400618487121,2.73117927103409,0,7.13379259506987,6.05418515530677,1.5283031107,34.835531807,0.109536086185863,0.109536086185863,0.0244930134700866,0.190846965059113
CR,CR.B,B,Sveti Duh,Atlantic,East.Atlantic,2014,44.20557132,15.47773378,1,June,2014-06-05,19,20,15.383,Subtidal,3,NA,NA,NA,1,6.13,0.0594,,447.2243442825,98.9079428769579,22.1164883787544,0.739226149057629,0.706117951467905,0.0331081975897232,0,0,0,0.0331081975897232,0.706117951467905,0,0.204895406946235,0.208199058478853,0.0331081975897232,0,0,0,0.0331081975897232,0.208199058478853,0,0.916320116418528,0.931094495220339,0.148064360846232,0,0,0,0.148064360846232,0.931094495220339,0,8.86662713138853,NA,NA,NA,NA,NA,NA,NA,NA,2.81102828017679,3.91985342918594,2.04205844700481,0,0,0,2.04205844700481,3.91985342918594,0,12.5713006422993,NA,NA,NA,NA,NA,NA,NA,NA,0.65,0.131289154560699,0.5871429486124,3,0.294211100598598,0.251299376758618,0.0561922489135601,0,0,0,0.294211100598598,0.251299376758618,0.0561922489135601,0.85,0.15,NA,0,NA,0.8,0.0819178021909125,0.0819178021909125,NA,0,NA,0.0917662935482247,0,0,0,0.4685,5.18391666666667,27.60055,0.03166851333489,0.550648547713889,3.12371043291683,0.00708129485631726,0.123128758439979,0.698482887002733,CR,CR.B,39.1578947368421,3.21052631578947,39.5,1.42105263157895,0,81.8684210526316,40.9210526315789,42.3684210526316,12.2667715479879,8.20622356892364,10.7380424452297,3.0833926025598,0,10.0308733943078,16.2786858817009,2.81419039690418,1.88263680237052,2.46347588790562,0.707378776727317,0,2.30124018111781,3.73458666799876,1.49618861665,36.6885850915,0.28467100235268,0.28467100235268,0.0636543712483594,0.336668277301489
ES,ES.A,A,South Bay,Atlantic,West.Atlantic,2014,37.265686,-75.812668,1,June,2014-06-24,28.05,35.42,14.683,Shallow.Subtidal,NA,NA,NA,NA,1,6.09,0.0623,,725.744843395,217.02104055979,48.5273799239428,10.1857424614825,0.527581709993058,8.12577703307563,6.64586806107454,6.52986996240543,0.11599809866911,1.30739460505591,0.527581709993058,1.53238371841384,1.97582163109632,0.135179276152549,1.94990925191137,1.96649757958701,1.97283203492605,0.080491165087409,0.372134766992969,0.135179276152549,0.30238965009054,8.83614295709175,0.60454010125263,8.72025927445915,8.79444453109071,8.82277307656779,0.359967433447209,1.66423727157465,0.60454010125263,1.35232762658965,13.7252050835394,3.17456154851463,7.73542813906843,2.41171335124088,2.4009636028341,0.0107497484067751,5.32371478782755,3.17456154851463,2.81521539595638,3.17195785700351,1.2576761288061,2.00408626504265,0.406987844601862,0.406971008811565,0.00739965391570666,1.90458207942757,1.2576761288061,0.800338560395176,14.1854267800488,5.62449863537845,8.96254624281805,1.82010497309177,1.82002968114865,0.0330922583309852,8.51754999665589,5.62449863537845,3.57922285211587,4.35,0.378883401033811,1.69441808051583,11,0.1105026951072,0.0313512492446225,0.00701035244905149,0,0,0,0.1105026951072,0.0313512492446225,0.00701035244905149,NA,0.25,NA,0.263157894736842,0.947368421052632,1,NA,0.0993399267798783,NA,0.103790873387713,0.0526315789473684,0,0,0,0,0.4,9.133,46.9555,0.0369921755595907,1.27893500102316,16.3829855498415,0.00827170191868511,0.285978560109154,3.66334693638424,ES,ES.A,180.45,0,182.3,0,0,362.75,182.3,180.45,51.0113248520159,0,66.6555166114317,0,0,66.6555166114317,51.0113248520159,11.4064789991432,0,14.9046266218528,0,0,14.9046266218528,11.4064789991432,1.84127966347368,36.4637203210526,0.201932246113817,0.201932246113817,0.0463264344343322,0.533902004407915
ES,ES.B,B,Cobb Bay,Atlantic,West.Atlantic,2014,37.31855,-75.789076,1,June,2014-06-25,27.7,35.64,14.683,Shallow.Subtidal,NA,NA,NA,NA,1,5.64,0.0266,,472.689075625,90.1941597988163,20.1680272483632,9.27846754697053,0.674570734034958,7.09400377355581,3.42645885392219,3.29675291006772,0.129705943854474,3.17158575111711,0.674570734034958,1.50989303937976,1.01241632463631,0.172321210667114,0.949670235639039,0.617509193723603,0.617091100976594,0.112565220083737,0.52724607579142,0.172321210667114,0.425811576585171,4.29531869120576,0.73109697962995,4.02910958106834,2.61986962996198,2.61809581266253,0.4775737826818,2.23691565327666,0.73109697962995,1.80656551986666,21.598588440806,4.35904699611325,12.0545753197482,0.934035031676462,0.899237893617558,0.034797138058904,11.1205402880717,4.35904699611325,5.18496612494452,3.57182122024057,2.66003084088828,2.51727978413758,0.221076829407204,0.214328174996417,0.0319085039580823,2.52682548057935,2.66003084088828,1.93844520387384,15.1539540361087,11.2855550745447,10.6799136330449,0.937949551422333,0.909317435635821,0.135376317157667,10.7204125931557,11.2855550745447,8.22412649170641,3.8,0.387977210399623,1.73508683234859,9,0.0289727234512115,0.00987262994175078,0.00220758716664545,0,0,0,0.0289727234512115,0.00987262994175078,0.00220758716664545,NA,0.8,NA,0,0.95,0.722222222222222,NA,0.0917662935482247,NA,0,0.05,0.108632484565978,0,0,0,0.4379,12.148,57.4065,0.0462463654332908,0.890455826499759,5.40279486640212,0.0103410016821135,0.199111975901422,1.2081016589762,ES,ES.B,102.55,0,131.85,0,0,234.4,131.85,102.55,39.1978449998412,0,47.3300561010265,0,0,47.3300561010265,39.1978449998412,8.76490459911452,0,10.5833222820774,0,0,10.5833222820774,8.76490459911452,1.84840051126316,36.8433279736842,0.240520684463656,0.240520684463656,0.0551792293372794,0.361242822503657
FI,FI.A,A,Fårö,Atlantic,East.Pacific,2014,59.92025,21.7961833333333,1,June,2014-06-18,14,6.5,19,Subtidal,2.5,3.67,96.33,0,0.11,1.29,-0.8,,206.900942191,79.6610069884019,17.8127426782153,183.488613326042,182.390927778284,1.09768554775801,0.509975565212447,0.509975565212447,0,0.587709982545559,182.390927778284,0,45.2908087940055,45.3560787574947,0.191984297020944,0.147312631863387,0.147312631863387,0,0.121199006649464,45.3560787574947,0,202.546654438683,202.838550589185,0.858579877502683,0.65880211758187,0.65880211758187,0,0.542018435347299,202.838550589185,0,63.517260114284,59.3566918012201,4.16056831306386,1.91735617031819,1.91735617031819,0,2.24321214274566,59.3566918012201,0,11.4002032689504,11.3422070559295,0.894840216113108,0.734915584330979,0.734915584330979,0,0.541024995220005,11.3422070559295,0,50.9832589333769,50.7238919838721,4.00184710445902,3.2866424085761,3.2866424085761,0,2.41953733367686,50.7238919838721,0,4.2,0.295581496465242,1.32188063797479,7,0.523106833324546,0.751231802458,0.167980537715578,0,0,0,0.523106833324546,0.751231802458,0.167980537715578,0.55,0,0.15,0,NA,0.0526315789473684,0.114132886537902,0,0.0819178021909125,0,NA,0.0526315789473684,"4,172.6527025","3,561.17751035721",796.303499310218,0.3425,6.390375,25.22625,0.0229128784747792,0.951191868339263,2.02016471123676,0.0051234753829798,0.212692967725162,0.451722562007164,FI,FI.A,88.65,0.825,30.775,0.95,99.375,219.625,31.725,89.475,57.867384687113,1.72653440528464,17.1605997625528,1.99275001733257,63.0663549888445,17.9901105874135,58.4534171258123,12.9395405840515,0.386064829570862,3.83722676037348,0.44559245009195,14.1020656848189,4.02271101961953,13.0705814210467,2.4592936039,40.783263588,0.245708848290388,0.245708848290388,0.0549421687450491,0.215578483135049
FI,FI.B,B,Ängsö,Atlantic,East.Pacific,2011,60.10785,21.70995,1,August,2014-08-28,17,6.5,14.5,Subtidal,3,6.34,92.12,1.54,0.11,1.41,-0.68,,466.322892785,182.49707897578,40.8075874284993,13.0035125192413,11.0016358508703,2.00187666837102,0.839117716600443,0.839117716600443,0,1.16275895177058,11.0016358508703,0,1.37630816977295,1.34826348876902,0.366003053317167,0.223880128655739,0.223880128655739,0,0.247292331684608,1.34826348876902,0,6.15503725120127,6.0296176249371,1.63681541437933,1.00122237297126,1.00122237297126,0,1.10592492792242,6.0296176249371,0,19.0136181623379,12.8257630357437,6.18785512659417,1.8927837111877,1.8927837111877,0,4.29507141540647,12.8257630357437,0,2.05641330430576,1.70612703879341,1.26086615234866,0.557972716221579,0.557972716221579,0,0.984137884440006,1.70612703879341,0,9.19655987652528,7.63003207398496,5.63876485436043,2.4953298461233,2.4953298461233,0,4.40119841768137,7.63003207398496,0,3.9,0.280037591461537,1.25236618152662,9,0.0181849951346093,0.00853144418229562,0.00190768891378581,0,0,0,0.0181849951346093,0.00853144418229562,0.00190768891378581,0.25,0,0.1,0,NA,0.05,0.0993399267798783,0,0.0688247201611685,0,NA,0.05,11.9415265,10.3965312679634,2.32473506453681,0.3245,6.58,30.827,0.0347131099154196,1.03639049742744,4.70146796784064,0.00776208734813001,0.231743960348257,1.05128019701295,FI,FI.B,68.85,0,45.825,7.05,0.375,115.05,52.875,68.85,20.6634052321846,0,15.8722490364058,8.68589297896913,1.67705098312484,19.2325621633838,20.6634052321846,4.62047787457896,0,3.54914278012089,1.94222471462631,0.375,4.30053163788165,4.62047787457896,2.06128189565,39.751194191,0.123575455598552,0.123575455598552,0.0276323119068868,0.198002361185643
FR,FR.A,A,"Bouzigues, Etang de Thau",Atlantic,East.Pacific,2014,43.446971,3.661503,1,June,2014-06-18,35,38.8,15,Shallow.Subtidal,2,47.105,52.08,0,0.95,5.84,0.0429,,93.5033104025,37.606757899467,9.40168947486676,2.11649143209959,1.43881372457013,0.660078606865685,0.323200157892016,0.283780253467632,0.0394199044243839,0.27081855747122,1.43881372457013,0.0175991006637819,0.379514738827556,0.299769027005549,0.150654957515267,0.0993728865503336,0.0850870477035357,0.0182217486761259,0.0808721955133785,0.299769027005549,0.00933531083609008,1.69724150896299,1.34060784386676,0.673749452302959,0.444409058893841,0.380520845339747,0.0814901374174685,0.361671453315136,1.34060784386676,0.0417487792411756,5.45296905495981,4.05649214800376,1.27698002943399,0.230546317487306,0.216738224713838,0.0138080927734676,1.03310743834728,4.05649214800376,0.11949687752206,0.880453328910121,0.765375581013784,0.420401480704101,0.0778099726036181,0.0745183974716501,0.0073549253014539,0.383902584241504,0.765375581013784,0.0941892135920294,3.93750698891802,3.42286365493044,1.88009257739187,0.347976776138173,0.333256404641916,0.0328922258869681,1.71686455020369,3.42286365493044,0.42122696867805,5.65,0.693105141260765,3.09966042282733,17,0.0388810617086086,0.0152096700034802,0.00340098560431211,0.00705644120428198,0.00850208070183818,0.00190112303994993,0.0508312859173306,0.0198035850000017,0.0044282162258199,0.75,0,NA,0,NA,0.25,0.0993399267798783,0,NA,0,NA,0.0993399267798783,300.656,136.092818457806,30.4312793321193,0.5425,6.862,42.0675,0.0743303437365925,1.71557447797339,9.0876821635257,0.0166207701385947,0.383614115321222,2.03206750755558,FR,FR.A,298.275,0,125.95,33.825,294.025,718.25,159.775,298.275,88.9233074354702,0,88.4038133257062,39.9701451085682,106.25236529875,95.4655455896882,88.9233074354702,19.8838560209824,0,19.7676936066481,8.93759615332892,23.7587511578144,21.3467449447648,19.8838560209824,1.41715835325,36.1721694945,0.177068447516865,0.177068447516865,0.0395937085318063,0.299894595061026
FR,FR.B,B,"Peyrac sur mer, Etang de Bages-Sigean",Atlantic,East.Pacific,2014,43.082895,2.973231,1,June,2014-06-24,35,32.5,15,Shallow.Subtidal,1,72.28,23.695,0,0.95,5.7,0.0476,,319.9006875315,210.756888136194,47.1266728598849,0.63637902272392,0.426573308395352,0.161604364822311,0.0712612002689512,0.0712612002689512,0,0.0803180103841767,0.426573308395352,0.0482013495062569,0.0709760372096024,0.0489804537484729,0.0265773398462162,0.0199533092974242,0.0199533092974242,0,0.0162102254210073,0.0489804537484729,0.0373822640580262,0.317414487948451,0.219047248300739,0.118857477114506,0.0892339119302383,0.0892339119302383,0,0.0724943319439349,0.219047248300739,0.167178567173187,7.52321837789577,6.99411896981849,0.439815095260912,0.124462132000009,0.124462132000009,0,0.280755887824191,6.99411896981849,0.0892843128163743,0.85243011057489,0.791924067551185,0.0905958128293723,0.0468744680022913,0.0468744680022913,0,0.0878101357154177,0.791924067551185,0.0831331409705252,3.81218334662623,3.54159209612517,0.405156791926648,0.209628993724524,0.209628993724524,0,0.392698865146312,3.54159209612517,0.371782708786334,5.05,0.467214590615715,2.08944716939295,20,0.0202967340241148,0.00762396299011679,0.00170476995038437,0,0,0,0.0202967340241148,0.00762396299011679,0.00170476995038437,0.4,0.25,NA,0,NA,0.2,0.112390297389803,0.0993399267798783,NA,0,NA,0.0917662935482247,0,0,0,0.4255,9.445125,95.0076,0.0547217843661053,3.229075808286,11.0107119823331,0.0122361629692697,0.722043301182758,2.46207004731684,FR,FR.B,168.3,0,225.7,101.1,0,394,326.8,168.3,77.325423067912,0,126.358241769811,104.12500078979,0,172.63815215342,77.325423067912,17.2904902368782,0,28.254561811465,23.2830579923189,0,38.6030643724999,17.2904902368782,2.01433306345,34.2621751785,0.249461030950191,0.249461030950191,0.0557811822941806,0.245570674573504
IR,IR.A,A,Greyabbey,Atlantic,East.Pacific,2014,54.531944,-5.569167,1,June,2014-06-18,20.4,40,17.3,Intertidal,<1,NA,NA,NA,1,5.4,0.1295,,615.92818943,324.658078298805,72.5957532520578,189.096540717894,183.921063368242,5.17547734965233,0.275801804168157,0.275801804168157,0,4.89967554548417,183.921063368242,0,32.9236003103299,33.0112403315364,1.16938477693462,0.151935020502139,0.151935020502139,0,1.19455436822352,33.0112403315364,0,147.238816715862,147.630754805796,5.22964770615846,0.679474068011212,0.679474068011212,0,5.34220954033423,147.630754805796,0,61.3811724938778,57.4323984202367,3.94877407364109,0.104347433484659,0.104347433484659,0,3.84442664015643,57.4323984202367,0,9.10589800140166,9.1506297290177,0.971245601642639,0.0767258740329716,0.0767258740329716,0,0.985546598969777,9.1506297290177,0,40.7228138546272,40.9228602220281,4.34354237624125,0.343128539941621,0.343128539941621,0,4.40749838058029,40.9228602220281,0,2.25,0.14281014264437,0.638666373658505,6,0.139941284776612,0.0980898517247908,0.0219335576359507,0,0,0,0.139941284776612,0.0980898517247908,0.0219335576359507,0.210526315789474,0,NA,0,NA,0,0.0960916767552923,0,NA,0,NA,0,3.90827777777778,4.11149080042075,1.37049693347358,0.19,2.616,10.4895,0.0365628514378072,0.362947002075771,1.21792522024353,0.00817570212661628,0.081157416887118,0.272336358397595,IR,IR.A,8.47631578947368,25.7368421052632,13.24475,14.15,0,45.74725,27.39475,32.5025,16.4656697439539,9.23515087564391,6.40991408822467,5.8716535822095,0,10.0024193750944,23.3909446885125,3.77748370797949,2.11868891554121,1.43330036312039,1.31294165501506,0,2.2366089662172,5.23037423814517,2.50656110055,33.875087738,0.199164196429376,0.199164196429376,0.0445344681900206,0.241568606552746
IR,IR.B,B,Donegal ,Atlantic,East.Pacific,2014,54.2225,-7.701944,1,July,2014-07-02,16.3,40,17.18,Intertidal,1,NA,NA,NA,1,3.04,0.0122,,334.224598940526,184.463740895863,42.3188844901335,0.503326689947548,0.0909169430957431,0.299905691220668,0.0989053444090469,0.0989053444090469,0,0.201000346811621,0.0909169430957431,0,0.119625606266028,0.0458775936694205,0.0714067903093926,0.0463027836259878,0.0463027836259878,0,0.0512562742895454,0.0458775936694205,0,0.521435928773402,0.199975794577825,0.311254982841242,0.201829154630311,0.201829154630311,0,0.22342091985053,0.199975794577825,0,2.10043023580679,1.55719887766686,0.370988866782164,0.127687036503527,0.127687036503527,0,0.243301830278637,1.55719887766686,0,1.52591110102706,1.52911125105863,0.173325910988509,0.0811017042848947,0.0811017042848947,0,0.122207893006608,1.52911125105863,0,6.65129228620385,6.66524141679561,0.755510130296035,0.353514133126776,0.353514133126776,0,0.532691855718835,6.66524141679561,0,1.2,0.212751399277976,0.951453182187509,7,0.205392896266029,0.111116869864034,0.0248464874462978,0,0,0,0.205392896266029,0.111116869864034,0.0248464874462978,0.65,0.111111111111111,NA,0.210526315789474,NA,0.105263157894737,0.109424330980483,0.0762215933966706,NA,0.0960916767552923,NA,0.0723351864143449,31.1421388888889,52.7709406855609,12.4382300027844,0.308,8.087,35.9191,0.041371233331488,3.47787155115248,9.33970152740721,0.00925088900422122,0.777675720538959,2.08842075048411,IR,IR.B,83.5,0,46.75,0,0,130.25,46.75,83.5,56.1140755397807,0,23.2704352751455,0,0,23.2704352751455,56.1140755397807,12.5474887401508,0,5.20342751412344,0,0,5.20342751412344,12.5474887401508,2.370700407,34.768994522,0.32427987454799,0.32427987454799,0.072511184322441,0.806802004370167
JN,JN.A,A,Akkeshi-ko estuary,Pacific,West.Pacific,2011,43.021167,144.903217,1,July,2014-07-22,21,26,15,Shallow.Subtidal,1,56.455,39.67,0,1,6.58,0.1275,,133.6898395475,24.4388813328139,5.46469999542225,23.5744177158771,0.0135427952329361,23.4561170830858,23.2963944554389,23.2684485614767,0.0279458939621654,0.159722627646891,0.0135427952329361,0.10475783755839,3.14065538628686,0.0135427952329361,3.13933551820055,3.1100772484215,3.10193591912363,0.0201683400730888,0.0524496999141301,0.0135427952329361,0.0527022311140568,14.0454378752765,0.0605652214924103,14.0395352457519,13.9086882854919,13.8722791540175,0.0901955587935191,0.23456218881492,0.0605652214924103,0.235691542673871,54.7528639963959,0.0941224268689057,53.1618261560484,50.8510260706837,50.7285671633415,0.122458907342209,2.31080008536471,0.0941224268689057,1.49691541347859,6.96636868806237,0.0941224268689057,7.15037722910099,7.09379267173801,7.06026233808491,0.0883776662002749,0.896793980996075,0.0941224268689057,0.866593282196428,31.154547885667,0.420928289372252,31.9774590980728,31.7244052645921,31.5744530538789,0.395236938633201,4.01058460663976,0.420928289372252,3.87552297567174,4.2,0.277204085942393,1.23969435961577,14,0.619009506657133,0.331150547162137,0.0740475134240788,0.0016990878817859,0.00216246256360362,0.000483541329101616,0.62308416035923,0.331904279656136,0.074216053133422,0.55,0.0555555555555556,NA,0,NA,0.3,0.114132886537902,0.0555555555555556,NA,0,NA,0.105131496607569,1.20474277777778,2.93608990821788,0.692043028091417,0.795,31.49,142.917,0.0475173098653754,3.12112327957673,17.8749260138329,0.0106251934966901,0.697904381929064,3.99695496597097,JN,JN.A,53.9,0,144.025,0,0,197.925,144.025,53.9,20.0929419396333,0,51.8447771820135,0,0,51.8447771820135,20.0929419396333,4.49291840449765,0,11.5928446057312,0,0,11.5928446057312,4.49291840449765,2.37821621295,36.346788788,0.317707656854112,0.317707656854112,0.071041591769797,0.132651199503399
JN,JN.B,B,Akkeshi-bay,Pacific,West.Pacific,2014,43.052222,144.842699,1,July,2014-07-28,16,30,15,Shallow.Subtidal,1,NA,NA,NA,0.74,3.78,-0.057,,192.57703081,44.3894263731132,9.92577748525031,8.55519147634776,6.40663978020644,2.07981743541222,1.99439448516786,1.86631138378655,0.128083101381312,0.0854229502443652,6.40663978020644,0.0687342607290991,0.958829804624258,0.92002173993127,0.337483808802112,0.328741952075803,0.32887941012149,0.0674854286504106,0.030593394213466,0.92002173993127,0.0224787029077482,4.28801724398537,4.11446230252791,1.50927347557413,1.47017870379495,1.47079343486337,0.30180401190606,0.136817818247517,4.11446230252791,0.100527815495494,8.79478721293549,3.50986993510975,5.05640699245563,3.05753270294921,2.96786953428434,0.0896631686648682,1.99887428950642,3.50986993510975,0.228510285370112,1.25503122813578,0.468260595223489,0.92907204385287,0.465480470548182,0.470098130462737,0.0577462435767631,0.948228839473013,0.468260595223489,0.0921862650384105,5.61267027999329,2.09412504420847,4.15493649209937,2.08169194868865,2.10234275162049,0.258249052165806,4.24060828657478,2.09412504420847,0.412269510435396,7.2,0.414220891998968,1.85245214442058,19,0.166186837082841,0.077907490274459,0.0174206444210094,0.0128832729840734,0.0151187859814896,0.00338066331918817,0.180334627679786,0.0909857147264013,0.0203450243109637,0.4,0,NA,0.2,NA,1,0.112390297389803,0,NA,0.0917662935482247,NA,0,3.3746135,3.0839678665424,0.689596179001379,0.9575,70.026,247.431,0.0407656976545619,4.96126087539087,37.7447797575687,0.00911548711058043,1.10937165714841,8.43998933336816,JN,JN.B,83.65,0,208.375,0,0,292.025,208.375,83.65,38.982148410995,0,116.020628270194,0,0,116.020628270194,38.982148410995,8.71667337559703,0,25.9430011604388,0,0,25.9430011604388,8.71667337559703,2.36109257945,33.9055248255,0.279662981865635,0.279662981865635,0.062534543824185,0.3690261337095
JS,JS.A,A,Ikunoshima,Pacific,West.Pacific,2014,34.297834,132.91631,1,July,2014-07-08,22,32.5,14.2,Subtidal,2,73.515,24.135,0,1,5.59,0.0855,,120.957473881,28.4704351509747,6.3661828346579,1.97069473681072,0.210419168502849,1.4786578332273,0.897254137033788,0.783617103344084,0.113637033689704,0,0.210419168502849,0.281617735080569,0.317510360760532,0.0781458100263265,0.290084080894142,0.196366100889199,0.157107568774127,0.0672395747080729,0,0.0781458100263265,0.078786233616456,1.41994950044206,0.349478686751301,1.2972954481397,0.87817590012966,0.702606407117344,0.300704519650853,0,0.349478686751301,0.352342748115149,0.871572241418305,0.12328344765447,0.544079404952211,0.233412360012398,0.177002595268165,0.0564097647442326,0,0.12328344765447,0.204209388811625,0.300473154942564,0.0581139800458197,0.173006050541778,0.0649107029892912,0.0478444537264633,0.0305917767915035,0,0.0581139800458197,0.138466583300095,1.3437567997308,0.259893619651038,0.773706579060359,0.290289488702708,0.21396690175743,0.136810584916604,0,0.259893619651038,0.619241385742301,3.1,0.369209682258854,1.65115589496379,9,0.00796433614365241,0.00543346501521268,0.00121495971273825,0,0,0,0.00796433614365241,0.00543346501521268,0.00121495971273825,0.529411764705882,0.333333333333333,NA,0,NA,0.75,0.124783549621155,0.125988157669742,NA,0,NA,0.0993399267798783,0.0983333333333333,0.124324843320499,0.0507554047477814,0.959875,21.82425,97.7775,0.0766248336479692,3.37420059733452,9.28939512789209,0.0171338336801472,0.754494190536038,2.07717189758221,JS,JS.A,179.1,0,411.375,0,0,590.475,411.375,179.1,74.2346209485064,0,198.176614146919,0,0,198.176614146919,74.2346209485064,16.599365872479,0,44.3136380783258,0,0,44.3136380783258,16.599365872479,1.4014570058,34.624846077,0.194725317532963,0.194725317532963,0.0435419046943936,0.1466307785377
JS,JS.B,B,Onoura,Pacific,West.Pacific,2014,34.274018,132.26617,1,June,2014-06-19,20.4,30.4,14.27,Subtidal,1.98,18.895,79.625,0.27,1,5.86,0.0454,,95.492742541,42.5805993079631,9.52131145752861,5.827718410475,0.853255889742511,3.23376236566005,1.63701500279806,1.56181978201515,0.075195220782904,0.0808350293436951,0.853255889742511,1.74070015507244,0.996713525011448,0.200804486256428,0.722507081947679,0.502094343316958,0.481418344500048,0.0369222919102337,0.033701964174473,0.200804486256428,0.3378916774141,4.45743839203807,0.898024962912591,3.23114989892004,2.24543416554967,2.15296828783504,0.165121509192746,0.150719765738768,0.898024962912591,1.51109751945872,8.95177826583132,1.60240070842163,4.31155357983447,1.67369317876063,1.38008257587607,0.293610602884556,0.333542785768153,1.60240070842163,3.03782397757522,1.70142473157557,0.878309764851396,0.925640734222224,0.491727020774363,0.395780731173693,0.145953879842282,0.171456473998446,0.878309764851396,0.866288236179275,7.60900271680462,3.92792067901915,4.13959120892742,2.19907008964985,1.7699852381779,0.652725593814355,0.766776662085902,3.92792067901915,3.8741587684105,4.5,0.380442955126341,1.7013926184468,13,0.00776402509738202,0.0101058469277614,0.00291730672206609,0,0,0,0.00776402509738202,0.0101058469277614,0.00291730672206609,0.85,0.3,NA,0.25,NA,0.75,0.0819178021909125,0.105131496607569,NA,0.0993399267798783,NA,0.0993399267798783,103.149,59.4383477049517,13.2908185938541,0.884,17.957,86.327,0.0832497826771306,3.93774862205884,17.1577869693096,0.0186152173178148,0.88050735972297,3.83659780068364,JS,JS.B,53.825,0,148.9,0,0,202.725,148.9,53.825,32.8374285005132,0,71.9342901908621,0,0,71.9342901908621,32.8374285005132,7.34267223334365,0,16.0849962779964,0,0,16.0849962779964,7.34267223334365,1.32497478725,35.1538063045,0.161004033509087,0.161004033509087,0.0360015963577973,0.159677635388369
KO,KO.A,A,Dongdae bay,Pacific,West.Pacific,2014,34.89466111,128.0202722,1,July,2014-07-17,23.8,31.3,14.14,Intertidal,0.4,76,18.61,0,0.95,5.42,-0.0096,,78.821656061,22.7990781381718,5.09802885412816,8.82937424800123,6.56676329719875,0.528839300154648,0.528839300154648,0.501718798836291,0.0271205013183577,0,6.56676329719875,1.73377165064783,0.880273849736448,0.64941124333509,0.19164052439262,0.19164052439262,0.193579581174028,0.0207638835701146,0,0.64941124333509,0.262737194779269,3.83702475364269,2.83071798249676,0.835341679314571,0.835341679314571,0.843793831870517,0.0905076701575742,0,2.83071798249676,1.14524488075219,39.5229490135041,37.7047476184597,0.338009113360889,0.338009113360889,0.317438076138686,0.0205710372222032,0,37.7047476184597,1.48019228168345,3.84843278886806,3.75945937760619,0.191849769451935,0.191849769451935,0.19310133334509,0.0143681494920204,0,3.75945937760619,0.36936754345671,16.7749296176843,16.3871035093317,0.83625375738256,0.83625375738256,0.841709197914209,0.062629311641402,0,16.3871035093317,1.61003579495167,4.65,0.31850803509653,1.42441123571146,18,0.103174070027987,0.0287528675059991,0.00642933662914589,0,0,0,0.103174070027987,0.0287528675059991,0.00642933662914589,NA,0.05,0.05,0.05,NA,0.95,NA,0.05,0.05,0.05,NA,0.05,0,0,0,1.0745,26.405,118.137,0.0787718223732319,7.80094967228181,10.6086603648548,0.0176139149538085,1.74434537562768,2.37216857260231,KO,KO.A,39.325,0,119.725,0,0,159.05,119.725,39.325,20.2252285134446,0,35.1195233602712,0,0,35.1195233602712,20.2252285134446,4.52249858165291,0,7.85296415709581,0,0,7.85296415709581,4.52249858165291,2.50389628405,34.1327896115,0.250081479498666,0.250081479498666,0.0559199188072738,0.17696157311498
KO,KO.B,B,Koje bay,Pacific,West.Pacific,2014,34.80097222,128.5836944,1,June,2014-06-27,23.3,33.6,14.25,Intertidal,0.76,NA,NA,NA,0.53,3.45,-0.0831,,160.8280254755,52.9134766789515,11.8318130779985,3.46311632973568,0.50934337535995,0.83494137188407,0.79955036504145,0.538369112751327,0.261181252290123,0,0.50934337535995,2.11883158249166,0.507938790215307,0.144215376535156,0.166147004535769,0.162538675973569,0.130667493763602,0.0930896590486497,0,0.144215376535156,0.391336826505783,2.27157132666086,0.644950770666672,0.743031992799889,0.726895056899426,0.584362797009889,0.416309611270118,0,0.644950770666672,1.75011149233195,3.68860467950092,0.734523560441288,0.668272006124234,0.668272006124234,0.260873922958147,0.407398083166087,0,0.734523560441288,2.28580911293539,0.713575805028714,0.33261682802238,0.172010037332731,0.172010037332731,0.0711666915277536,0.14926115573918,0,0.33261682802238,0.592778876401982,3.19120801428668,1.4875076758368,0.769252272576526,0.769252272576526,0.318267119979631,0.667516181265976,0,1.4875076758368,2.65098772652155,3.85,0.412150968763427,1.84319516629483,17,0.0409804646669614,0.0159896128679689,0.00357538613066838,0,0,0,0.0409804646669614,0.0159896128679689,0.00357538613066838,0.9,0,NA,0,NA,0.894736842105263,0.0688247201611685,0,NA,0,NA,0.0723351864143449,0,0,0,0.932,16.68,77.973,0.0640394615184961,3.48030851626994,12.8212837439199,0.0143196589197839,0.778220642505101,2.8669262010218,KO,KO.B,110.175,0,190.825,0,0,301,190.825,110.175,24.4558006250159,0,66.6606241779169,0,0,66.6606241779169,24.4558006250159,5.46848326417173,0,14.9057687084388,0,0,14.9057687084388,5.46848326417173,1.0926171659,35.1227268215,0.0957353947860186,0.0957353947860186,0.0214070850594316,0.119848450742039
LI,LI.A,A,Site 1 (Landscape Lab),Atlantic,West.Atlantic,2014,40.85762,-72.45119,2,September,2014-09-29,20.3,31.4,12.4,Shallow.Subtidal,1,15.075,84.565,0,0.68,4.72,0.0614,,298.205406561579,171.483837681051,39.3410904685385,3.18264380906357,0.434061645621605,2.70834071474981,2.58478310248227,2.41511893259268,0.169664169889592,0,0.474303094313758,0,0.697081839241169,0.201030597239144,0.550690212107139,0.562397614041413,0.537570000707895,0.0968240012057792,0,0.200484451461849,0,3.11744475684767,0.899036161968217,2.46276149763068,2.51511859076058,2.40408612849493,0.433010097099288,0,0.896593723800902,0,1.04735456321837,0.262164538426707,0.769294652558262,0.769294652558262,0.743112164082328,0.0261824884759338,0,0.278059910660108,0,0.301908806544414,0.136904270297667,0.205881078652649,0.205881078652649,0.197822518603439,0.0173215433538715,0,0.136223306173114,0,1.35017722887829,0.612254509591179,0.920728174296609,0.920728174296609,0.884689198155013,0.0774642968289326,0,0.6092091454457,0,1.65,0.1817314386381,0.812727700887249,7,0.269496221911257,0.136326964038344,0.0304836358755905,0,0,0,0.277006001742759,0.134536291857713,0.0300832294034598,NA,NA,NA,0.1,1,1,NA,NA,NA,0.0688247201611685,0,0,39.85282,24.9370129775548,5.5760856173607,0.433,11.368,43.233,0.0374306376058296,2.46691283740801,6.30500310947793,0.0083697450127795,0.551618479901119,1.40984155511402,LI,LI.1,480.9,0,99.85,0,0,580.75,99.85,480.9,248.432591725762,0,52.0222877337457,0,0,52.0222877337457,248.432591725762,55.5512162925255,0,11.6325371717709,0,0,11.6325371717709,55.5512162925255,1.75888530836842,35.640000916,0.142057519266884,0.142057519266884,0.0325902300344436,0.57226640557171
LI,LI.B,B,"Site 2 (Tiana Beach, Summer)",Atlantic,West.Atlantic,2014,40.83158,-72.54082,2,September,2014-09-29,18.8,30,11.8,Shallow.Subtidal,1.5,21.6,77.965,0,0.79,4.97,0.0398,Missing all epibiota data from timepoint 1,323.08377896,85.3332258309745,19.08108936974,6.05266916010181,0.186708720334097,5.85672682942607,5.80841415704841,5.80841415704841,0,0.0178883537132794,0.195942330675741,0,1.03606972185346,0.0633197444821072,1.01674265477198,1.02106945750095,1.02106945750095,0,0.010064459491705,0.0652922609994677,0,4.51612321602154,0.276004367328322,4.43187848373833,4.45073857958253,4.45073857958253,0,0.043869961845701,0.284602367491962,0,2.16996499821947,0.332502039432458,1.82745321219832,1.78693836875749,1.78693836875749,0,0.040514843440827,0.342511786021152,0,0.317933901224101,0.220622196212875,0.293988736670396,0.302305636697567,0.302305636697567,0,0.0364456252259815,0.221691226631343,0,1.34887930514793,0.93602070613436,1.24728857575262,1.2825741941986,1.2825741941986,0,0.15462569245125,0.94055621808352,0,2.88888888888889,0.290243180538229,1.2313975269104,13,0.0873836625271888,0.0313342120601681,0.00718856125503926,0,0,0,0.0926658483600146,0.0336503254356811,0.00771991410481,NA,NA,NA,0.0526315789473684,1,0.611111111111111,NA,NA,NA,0.0526315789473684,0,0.118235637353762,3.2509,2.35273458391569,0.554544859539632,0.447,12.593,48.045,0.0368639033258966,2.3467269479897,8.18963626208534,0.00824301937526854,0.524744098033558,1.83125833930201,LI,LI.2,257.925,0,103.175,0,0,361.1,103.175,257.925,89.4140685680656,0,47.9092549569111,0,0,47.9092549569111,89.4140685680656,19.9935935463022,0,10.7128350835022,0,0,10.7128350835022,19.9935935463022,1.509795156,34.0577551845,0.284589961993812,0.284589961993812,0.0636362500732246,0.367007613757671
MA,MA.A,A,Dorothy Cove,Atlantic,West.Atlantic,2011,42.42014,-70.91544,1,June,2014-06-15,15.1,32.35,15.25,Shallow.Subtidal,1,1.66,65.75,0,0.74,4.87,-0.0115,,214.8586707395,95.7019273461908,21.3996015123829,10.9048120171875,10.3151409371069,0.58967108008061,0,0,0,0.0839724429012334,0,0,1.34859777514205,1.31642517138129,0.119800246313395,0,0,0,0.0301418604875728,0,0,6.03111259904519,5.88723234100073,0.535762988955942,0,0,0,0.134798498037055,0,0,0.487627975927462,0,0.487627975927462,0,0,0,0.487627975927462,0,0,0.175033783851335,0,0.175033783851335,0,0,0,0.175033783851335,0,0,0.78277487810118,0,0.78277487810118,0,0,0,0.78277487810118,0,0,2.35,0.254175654140783,1.13670808176853,6,0.0193886885095412,0.011645214984707,0.0026039492318404,0,0,0,0.0193886885095412,0.011645214984707,0.0026039492318404,0.55,0.157894736842105,0.315789473684211,0,NA,0.55,0.114132886537902,0.085947008518708,0.109561368392954,0,NA,0.114132886537902,NA,NA,NA,0.4315,16.461,58.197,0.0518372960633355,8.37559732355345,8.71208785176333,0.01159117177674,1.87284049676308,1.94808206624929,MA,MA.A,629,0,192.447368421053,0,0,821.447368421053,192.447368421053,629,352.159173291472,0,74.725961340391,0,0,74.725961340391,352.159173291472,80.7908551799135,0,17.143311260089,0,0,17.143311260089,80.7908551799135,1.56806015965,35.939354324,0.28145865704982,0.28145865704982,0.0629360690019199,0.167364942299751
MA,MA.B,B,Niles Beach,Atlantic,West.Atlantic,2014,42.59697,-70.6556,1,June,2014-06-18,14.8,32.15,15,Shallow.Subtidal,1.5,NA,NA,NA,0.89,5.56,0.0093,,318.30914185,107.324577337624,23.9985050583361,11.2931956903525,8.29807457000659,2.99512112034596,1.688306268877,0,1.688306268877,0.0294066112013118,0,0,1.12179226060257,1.00466248120711,0.319567409262686,0.25444585588535,0,0.25444585588535,0.0169120717056307,0,0,5.01680750268101,4.49298720484539,1.42914890100972,1.13791646070552,0,1.13791646070552,0.0756330839482819,0,0,1.00697430207371,0,1.00697430207371,0.894440367725888,0,0.894440367725888,0.112533934347826,0,0,0.170103443124293,0,0.170103443124293,0.151645158844582,0,0.151645158844582,0.0749376476084924,0,0,0.760725724065377,0,0.760725724065377,0.678177767270477,0,0.678177767270477,0.335131348253027,0,0,3.5,0.17013926184468,0.760885910252682,7,0.0152508805118372,0.00526716977194839,0.00117777496591087,0,0,0,0.0152508805118372,0.00526716977194839,0.00117777496591087,0.533333333333333,0,0.222222222222222,0,NA,0.315789473684211,0.133333333333333,0,0.100831690330337,0,NA,0.109561368392954,0,0,0,0.496,8.956,39.98975,0.0607323723612998,2.84032318398341,8.96154569535859,0.0135801713034696,0.635115571745556,2.00386253582924,MA,MA.B,155.5,0,115.210526315789,0,0,270.710526315789,115.210526315789,155.5,54.6841943445372,0,46.9557462432784,0,0,46.9557462432784,54.6841943445372,12.5454145766724,0,10.7723869838416,0,0,10.7723869838416,12.5454145766724,1.99845334885,34.937292099,0.337348903695074,0.337348903695074,0.0754335080797215,0.138158708809409
MX,MX.A,A,San Quintin Bay,Pacific,East.Pacific,2014,30.419675,-115.9641889,1,June,2014-06-13,17.855,34,14.08,Intertidal,0.438,10.44,89.575,0,0.68,4.47,0.1184,,358.09778456625,130.171254677461,29.107177417524,72.9394186741772,2.51013720071214,67.1886419023494,65.553610477657,65.4959792503565,0.057631227300555,0.0993928711320016,2.51013720071214,3.2406395711157,12.6027650958113,0.473867760343391,11.5663903117624,11.3860209773153,11.3890975899278,0.0291972911513047,0.0687389810644898,0.473867760343391,0.925728727893699,56.3612789173913,2.1192010489468,51.7264699827915,50.9198337970312,50.9335928269152,0.130574255546341,0.30741006872854,2.1192010489468,4.13998472858944,30.6910724081919,11.0124896305528,18.0994901176274,17.8182939758334,17.8030576189459,0.0152363568875258,0.281196141793968,11.0124896305528,1.57909266001171,5.56807930806699,3.40322029589353,2.85860856110976,2.77667985860857,2.77523559796608,0.00786590941983518,0.26127958255045,3.40322029589353,0.3255819742486,24.9012076738955,15.2196638480498,12.7840861274086,12.4176898312065,12.4112309012589,0.0351774163352148,1.16847781543115,15.2196638480498,1.45604685333691,8.6,0.419272552982199,1.87504385913616,20,0.434633435965791,0.142377373266601,0.0318365485081981,0.000196001657922995,0.000604757763910076,0.00013522794700237,0.434829437623714,0.142166349432037,0.0317893621443024,NA,0,NA,0.1,0.5,0.4,NA,0,NA,0.0688247201611685,0.114707866935281,0.112390297389803,134.266,83.4519427669539,18.6604216881331,0.75625,20.634,80.54225,0.0561277912211805,1.24814030081811,4.83470035946277,0.0125505556597475,0.279092655808632,1.08107186546014,MX,MX.A,161.55,0,241.375,0,0,402.925,241.375,161.55,44.3846523972088,0,76.7101302237675,0,0,76.7101302237675,44.3846523972088,9.92470999178579,0,17.1529065743205,0,0,17.1529065743205,9.92470999178579,2.2059756815,32.313353444,0.201914039337436,0.201914039337436,0.0451493517570073,0.208574534285249
MX,MX.B,B,Punta Banda Estuary,Pacific,East.Pacific,2014,31.7584722,-116.6227778,1,July,2014-07-11,25.416,33,14.12,Intertidal,0.324,42.425,55.44,0,1,6.37,0.1127,,"1,807.995925695",622.373741017769,139.166999232658,171.245497683684,7.81268255464592,163.196102517234,159.078014272558,159.078014272558,0,3.38374218736349,7.81268255464592,0.236712611804366,41.3245448191428,1.04760612265377,41.0825754823287,40.7228485904287,40.7228485904287,0,0.845531712276187,1.04760612265377,0.153078221690345,184.80898270968,4.68503700779764,183.726862938506,182.11811537126,182.11811537126,0,3.7813327715627,4.68503700779764,0.684586619148787,89.5650137932678,19.9088609736999,69.5608799489483,63.9275924838255,63.9275924838255,0,5.63328746512285,19.9088609736999,0.0952728706195797,15.9594160348895,6.3032251862175,14.8331058475884,13.4998479124318,13.4998479124318,0,2.02857624139504,6.3032251862175,0.0534189661243806,71.3726782704261,28.1888799877422,66.3356659853148,60.3731552362123,60.3731552362123,0,9.07206874660067,28.1888799877422,0.238896879083747,9.05,0.45,2.01246117974981,22,0.508317662336865,0.431659998957634,0.0965221100836758,0,0,0,0.508317662336865,0.431659998957634,0.0965221100836758,NA,0.05,NA,0.15,0.8,0.85,NA,0.05,NA,0.0819178021909125,0.0917662935482247,0.0819178021909125,2.23838333333333,3.26461904914809,0.942414343413616,0.313,10.6022,45.6221,0.0343511280746353,2.43090842019366,10.7489393253964,0.00768114574786861,0.543567647462964,2.4035359017607,MX,MX.B,186.175,0,155.75,0,0,341.925,155.75,186.175,53.8162749302515,0,73.7751741156161,0,0,73.7751741156161,53.8162749302515,12.033684903986,0,16.4966304374401,0,0,16.4966304374401,12.033684903986,2.9143276096,36.4090971955,0.496646863115743,0.496646863115743,0.111053614673883,0.883430003157005
NC,NC.A,A,Middle Marsh,Atlantic,West.Atlantic,2011,34.692458,-76.622589,1,May,2014-05-23,22.6,34,14.15,Intertidal,0.079,NA,NA,NA,1,6.15,0.0832,,590.640296516667,230.887986517396,54.4208203203195,54.7514814817792,23.019278059517,30.0457173794179,25.8300422389699,25.4239898735997,0.406052365370231,0.258174870705796,22.9680493945258,0,19.8422295977523,15.5231756991355,5.52473975026774,5.33959440328979,5.34691210353148,0.220383783727954,0.118739186847935,15.5270368728936,0,88.7371484114649,69.4217521798797,24.7073872791878,23.8793921160668,23.9121178664256,0.985586243108636,0.531017786770062,69.4390198738719,0,20.2447499379842,9.97449440024028,10.2144596349573,NA,NA,NA,NA,NA,NA,6.77166500091201,5.809214015774,1.91588687226709,2.07941739616592,2.07843520605803,0.115562396582542,0.0793953536036099,6.42131185672967,0,30.2838065257908,25.9795948702304,8.56810656717734,NA,NA,NA,NA,NA,NA,8.3,1.0159258157749,4.54335836833921,41,0.223153817118214,0.106996062345039,0.0239250468728313,0,0,0,0.223153817118214,0.106996062345039,0.0239250468728313,0.833333333333333,NA,0.333333333333333,0,NA,1,0.0903876907577734,NA,0.166666666666667,0,NA,0,1.54681,2.33105694570194,0.521240179001258,0.4435,9.9025,45.358,0.031165939573093,1.7543356067334,8.2369741506147,0.00696891594680867,0.392281367200421,1.84184341296831,NC,NC.A,194.25,0,148.25,0,0,342.5,148.25,194.25,131.165574350654,0,69.0422258286074,0,0,69.0422258286074,131.165574350654,29.3295140555864,0,15.4383110270658,0,0,15.4383110270658,29.3295140555864,1.6576109052,34.286654567,0.2809684346059,0.2809684346059,0.0628264519310498,0.943627819267297
NC,NC.B,B,Shackleford Island,Atlantic,West.Atlantic,2014,34.670544,-76.574561,1,May,2014-05-25,24.4,25,14.2,Intertidal,0.177,20.835,78.49,0,1,6.66,0.1063,,419.37229437,117.440545037155,26.2605042017703,5.8495994153388,1.04211902031393,4.80748039502487,3.36258719490686,2.5387032084744,0.823883986432456,0.970736221607698,1.04211902031393,0,0.782532361408978,0.265148610598263,0.814901089043801,0.651689398483466,0.458183685323797,0.49806956715515,0.391063293095748,0.265148610598263,0,3.49959110940781,1.18578063487467,3.6443484600811,2.91444359044996,2.04905973313077,2.22743481936562,1.74888821373403,1.18578063487467,0,4.27300723653056,1.98829568494824,2.28471155158232,1.11359137922148,0.941797240012556,0.171794139208922,1.08291643079875,1.98829568494824,0,0.773957908261712,0.588539027411295,0.599346818928738,0.222535965864077,0.213772049707709,0.0906999464375876,0.435992814087232,0.588539027411295,0,3.46124498919347,2.63202654540653,2.68036045844583,0.995211094221296,0.956017669671804,0.405622491580072,1.94981914000096,2.63202654540653,0,4.85,0.608168086183936,2.71981036490646,23,0.301817743904315,0.0630008567262746,0.0140874198280675,0,0,0,0.301817743904315,0.0630008567262746,0.0140874198280675,0.8,NA,0.444444444444444,0.111111111111111,NA,1,0.10690449676497,NA,0.175682092231577,0.111111111111111,NA,0,0.212185,0.257580410081774,0.0575967306615118,0.3485,6.1345,25.674,0.0279614396135671,0.701738255297065,3.42915579606471,0.00625236797246914,0.156913444125634,0.76678254654381,NC,NC.B,217.65,0,151.2,33.65,0,368.85,184.85,217.65,86.7793784623731,0,53.1834956591452,30.0688245617669,0,60.3422475725363,86.7793784623731,19.4044589287047,0,11.8921911574914,6.72359357236261,0,13.4929367487313,19.4044589287047,1.53637127275,35.0520804405,0.126029877276282,0.126029877276282,0.0281811372785723,0.384451041276995
NN,NN.A,A,Misvaerfjorden,Atlantic,East.Atlantic,2014,67.2147,15.0083,1,June,2014-06-17,8,24.5,24,Subtidal,NA,9.23,90.775,0,0.32,3.37,0.1231,,185.9,85.3536913764071,19.0856656048184,8.89313989595719,8.70630432993884,0.186835566018347,0.0934177830091736,0.0934177830091736,0,0.0934177830091736,8.70630432993884,0,3.18873682409522,3.21152200571829,0.186835566018347,0.0934177830091736,0.0934177830091736,0,0.0934177830091736,3.21152200571829,0,13.8993815737779,13.9986998778831,0.814397351333198,0.407198675666599,0.407198675666599,0,0.407198675666599,13.9986998778831,0,8.68243376328969,8.54386419336817,0.138569569921512,0.0851036003213572,0.0851036003213572,0,0.0534659696001549,8.54386419336817,0,5.66016130166851,5.66382293510071,0.107675948492636,0.0851036003213572,0.0851036003213572,0,0.0385165996397494,5.66382293510071,0,24.6720711181127,24.6880318082119,0.469348578129291,0.370957993532271,0.370957993532271,0,0.167889965478483,24.6880318082119,0,1.2,0.1555973210431,0.695852373938459,6,0.0925634226752867,0.0408122355756524,0.0091258933060894,0,0,0,0.0925634226752867,0.0408122355756524,0.0091258933060894,0.1,0,NA,0,NA,0,0.0688247201611685,0,NA,0,NA,0,8.934855,10.9938779985894,2.45830585411853,0.3075,3.0775,22.8775,0.0335410196624968,0.842376806548308,2.35905171626228,0.0075,0.188361180211121,0.5275,NN,NN.A,67.9,0,30.9,0,0,98.8,30.9,67.9,44.716534090341,0,18.5753090220098,0,0,18.5753090220098,44.716534090341,9.99892099441893,0,4.1535653676279,0,0,4.1535653676279,9.99892099441893,2.4044094621,38.220352269,0.494694054054421,0.494694054054421,0.110616953293064,1.08805966406149
NN,NN.B,B,Rövika,Atlantic,East.Atlantic,2014,67.26672333,15.25606333,1,June,2014-06-20,10.5,18.5,24,Subtidal,NA,3.055,96.945,0,0.74,2.3,0.0702,,651.875,134.401389697546,30.0530643634152,10.4857839298228,10.3117844024446,0.173999527378161,0,0,0,0.138753510178104,10.3117844024446,0,0.946657914137588,0.965907791708269,0.0939189839275063,0,0,0,0.0899626822250184,0.965907791708269,0,4.23358289489961,4.31967096451279,0.420018464879229,0,0,0,0.402325345786707,4.31967096451279,0,5.48123023153711,4.0696451928143,1.41158503872282,0,0,0,1.41158503872282,4.0696451928143,0,1.37040684148944,0.424675870325824,1.37331275353068,0,0,0,1.37331275353068,0.424675870325824,0,6.12864570880233,1.89920822890486,6.14164134252403,0,0,0,6.14164134252403,1.89920822890486,0,3.5,0.235081172990814,1.05131496607569,8,0.0881022122739786,0.0474362950571664,0.0106070780348561,0,0,0,0.0881022122739786,0.0474362950571664,0.0106070780348561,0.2,0,NA,0,NA,0,0.0917662935482247,0,NA,0,NA,0,5.951185,11.2731326085416,2.52074908320685,0.265,4.465,23.1725,0.0609140896327727,1.6682878080614,6.6918150122291,0.0136208045206395,0.373040494485942,1.49633532601979,NN,NN.B,259.45,0,68.05,0,0,327.5,68.05,259.45,143.56567358383,0,35.6938370030458,0,0,35.6938370030458,143.56567358383,32.1022605368991,0,7.98138459166077,0,0,7.98138459166077,32.1022605368991,1.72602887155,38.1192762375,0.293266460877773,0.293266460877773,0.0655763742043482,0.285889608483749
OR,OR.A,A,Yaquina Bay,Pacific,East.Pacific,2014,44.6127333333333,-124.014133333333,1,August,2014-08-09,17,36,14.22,Intertidal,NA,15.465,84.33,0,0.74,4.63,-0.1219,,170.295390877,58.6705871787934,13.119142121161,1.29325840723633,0.0164279934976625,0.633187981532638,0.328966980716836,0.315211822532517,0.0137551581843191,0.304221000815802,0.0164279934976625,0.643642432206028,0.146236765352483,0.0118508715493477,0.0875111737420485,0.0744292446451058,0.0748848740896507,0.0137551581843191,0.0677134424165783,0.0118508715493477,0.0860172846503246,0.653990696275675,0.0529987087539194,0.39136186655603,0.332857701080838,0.334895337901943,0.0615149374828003,0.302823720467973,0.0529987087539194,0.38468099143615,2.95387913096203,0.00249705501164469,2.20433731045354,0.428017131930889,0.425775041146845,0.00224209078404402,1.77632017852265,0.00249705501164469,0.747044765496841,0.715689859299658,0.00180133247550085,0.592574295779793,0.0952128636775488,0.0955582292622134,0.00224209078404402,0.583219092280555,0.00180133247550085,0.183877401078161,3.20066235240259,0.00805580373059575,2.65007281416537,0.42580487103084,0.427349392879638,0.0100269348096964,2.60823507223009,0.00805580373059575,0.822324736673521,3.2,0.224780594779607,1.00524937990007,8,0.713800472994239,0.189175009588018,0.0458816791916843,0,0,0,0.713800472994239,0.189175009588018,0.0458816791916843,0.6,0.125,0.2,0,NA,0.631578947368421,0.112390297389803,0.0853912563829966,0.0917662935482247,0,NA,0.113697205235226,3.19315789473684,3.41713501282967,0.78394453670311,0.866,43.941,117.72,0.0863530086636428,6.32422402146573,16.5689856119959,0.0193091197433533,1.41413948169345,3.70493781466387,OR,OR.A,79.35,0,286.8,0,0,366.15,286.8,79.35,48.7634192057077,0,142.814049139358,0,0,142.814049139358,48.7634192057077,10.9038320159281,0,31.93419220176,0,0,31.93419220176,10.9038320159281,2.8794177652,35.1378926285,0.266752197225214,0.266752197225214,0.0596476046143008,0.334341284235307
OR,OR.B,B,Coos Bay,Pacific,East.Pacific,2014,43.34625,-124.318283333333,1,August,2004-08-09,16,33,14.22,Intertidal,NA,NA,NA,NA,0.68,4.16,-0.0507,,216.4502164575,59.8627891657748,13.385726589741,6.73150830138026,4.80174130286234,1.43880773076209,0.276123453174588,0.247753720939519,0.0283697322350689,1.1626842775875,4.80174130286234,0.490959267755822,0.570196116147386,0.442559815524329,0.226206559682789,0.0798112583824307,0.0741112353883668,0.0252808420422507,0.172212648441477,0.442559815524329,0.068058278219434,2.54999455242384,1.97918766324433,1.01162648881416,0.35692679822583,0.331435520449752,0.113059362669814,0.770158377000834,1.97918766324433,0.304365873060495,8.33116171035062,2.72094318490091,4.92207632213755,0.189259548600879,0.18368199941828,0.00557754918259906,4.73281677353668,2.72094318490091,0.688142203312154,0.817082373336797,0.409007594588845,0.663628824736283,0.0805034238938502,0.0800785047620031,0.00506816531280546,0.662175587999386,0.409007594588845,0.148941387615967,3.65410345999588,1.82913756962867,2.96783832787725,0.36002225649626,0.358121960368759,0.022665524321279,2.96133925561504,1.82913756962867,0.666086134744896,4.7,0.34105100714363,1.52522647153585,11,0.0183856700670494,0.00949523192260647,0.00212319840410741,0,0,0,0.0183856700670494,0.00949523192260647,0.00212319840410741,0.777777777777778,0,0.0526315789473684,0.25,NA,0.555555555555556,0.100831690330337,0,0.0526315789473684,0.0993399267798783,NA,0.120516921010365,63.121,29.7993991285236,6.66334821400267,0.816909722222222,29.2216527777778,106.328,0.0519524549558745,3.17629576132988,14.1504465269459,0.0116169220879331,0.710241323897806,3.16413603462269,OR,OR.B,162.15,0,315.725,0,0,477.875,315.725,162.15,69.9599697571479,0,115.833646030122,0,0,115.833646030122,69.9599697571479,15.6435248080812,0,25.9011906605001,0,0,25.9011906605001,15.6435248080812,2.49322882885,36.0093961715,0.224329374597147,0.224329374597147,0.0501615730949235,0.13130646042931
PO,PO.A,A,Culatatra,Atlantic,East.Atlantic,2014,36.997057,-7.82849,1,July,2014-07-02,20.53,36,14.65,Intertidal,NA,NA,NA,NA,0.42,3.68,0.0489,,251.464222055,86.9581770274472,19.4444395032833,0.919599621705518,0.876103819916238,0.0434958017892806,0.0231991228499906,0.0198872614752673,0.00331186137472337,0.0087334303866294,0.873471774876844,0,0.124207207767857,0.121663401719704,0.0110454499161886,0.00799027227119647,0.00783975816226829,0.00183706080206475,0.00341465475513454,0.121681646166135,0,0.555471519728735,0.544095273238245,0.0493967537093341,0.0357335839142539,0.0350604643559815,0.00821558566443415,0.0152708003043474,0.544176864883109,0,3.69747644343826,3.67205250674075,0.0254239366975053,0.0102579664493613,0.00939522870740998,0.00086273774195132,0.015165970248144,3.62474718712997,0,0.586067535313248,0.585033749657249,0.00791961196193708,0.00399095157397339,0.00397664027182585,0.000290198289111214,0.00673155990438328,0.573404510520796,0,2.62097369673236,2.61635046673041,0.0354175814046236,0.0178480780286285,0.0177840759397317,0.00129780620281362,0.030104451081626,2.56434292825899,0,3.7,0.423643345528437,1.89459063763403,15,0.0478629533344782,0.0110910209184233,0.00248002767134667,0,0,0,0.0478629533344782,0.0110910209184233,0.00248002767134667,0.85,0.05,NA,0.1,NA,1,0.0819178021909125,0.05,NA,0.0688247201611685,NA,0,51.22581,38.2044476001903,8.54277418768542,0.746,8.545,34.439,0.080811671903194,0.811311478896653,3.05074606923411,0.0180700391750952,0.18141476177388,0.682167559289775,PO,PO.A,292.631578947368,2.26315789473684,103.052631578947,0.789473684210526,0,397.947368421053,103.842105263158,294.894736842105,143.83795300666,9.86487655643416,50.2554294294109,3.44123600805843,0,51.5819339152067,144.115653686291,32.9986895474623,2.26315789473684,11.5293862235285,0.789473684210526,0,11.83370722362,33.0623984526761,1.28691101375,32.9161841395,0.248522194611783,0.248522194611783,0.0555712521069378,0.204854892432955
PO,PO.B,B,Marim,Atlantic,East.Atlantic,2014,37.027333,-7.810105,1,June,2014-06-27,20.57,36,14.65,Intertidal,NA,NA,NA,NA,0.37,2.1,-0.4525,,346.9569646,123.453504672897,27.6050428509185,0.659557359154982,0.641727857247066,0.0178295019079156,0.0178295019079156,0.0178295019079156,0,0,0.641727857247066,0,0.141128656470856,0.141231884406795,0.0122727067628286,0.0122727067628286,0.0122727067628286,0,0,0.141231884406795,0,0.631146538884101,0.631608188247972,0.0548852131792121,0.0548852131792121,0.0548852131792121,0,0,0.631608188247972,0,7.54283821220185,7.53587678011591,0.00696143208593349,0.00696143208593349,0.00696143208593349,0,0,7.53587678011591,0,2.0388033120982,2.03742163438603,0.00481250147349127,0.00481250147349127,0.00481250147349127,0,0,2.03742163438603,0,9.11780559720661,9.11162654663179,0.0215221608730887,0.0215221608730887,0.0215221608730887,0,0,9.11162654663179,0,1.25,0.175843830234612,0.786397515657049,4,0.0488845582347203,0.0215907249502306,0.00482783286722163,0,0,0,0.0488845582347203,0.0215907249502306,0.00482783286722163,1,0,NA,0,NA,1,0,0,NA,0,NA,0,23.20143,23.0685728416982,5.15828970179427,0.61625,6.681,27.6455,0.0623419053117142,0.844130820492454,2.75207763622131,0.0139400738123848,0.18875338965238,0.615383267394779,PO,PO.B,132.555555555556,77.1666666666667,65.0555555555556,29.5072222222222,0,274.777777777778,94.5627777777778,209.722222222222,59.0505488565639,55.1375285882812,39.5927388206507,30.6108492503894,0,44.3088489111381,82.9697361944884,13.918347843088,12.9960401208803,9.33209803527666,7.21504636094316,0,10.4436958438786,19.5561543654606,2.01355901965,31.5921076765,0.24304858486698,0.24304858486698,0.0543473157597693,0.288718863828438
QU,QU.A,A,Pointe-Lebel,Atlantic,West.Atlantic,2014,49.11237,-68.17593,1,June,2014-06-12,15.47,16,16.183,Intertidal,NA,30.56,68.12,0,1,2.63,0.1617,,558.63254392,152.297221034374,34.0546939017172,17.4420816154739,13.1039306074774,4.33815100799647,2.51472142660934,2.51472142660934,0,1.82342958138712,13.1039306074774,0,2.95687712282223,2.31085892741795,1.25504441644776,0.720833943281647,0.720833943281647,0,0.729795051214927,2.31085892741795,0,13.223556495489,10.3344752962376,5.61272925991748,3.22366739533398,3.22366739533398,0,3.26374268831903,10.3344752962376,0,32.149195269616,23.4335434149881,8.71565185462793,8.04286009519153,8.04286009519153,0,0.672791759436394,23.4335434149881,0,6.08688797886975,3.70074066168002,4.7310737859898,4.71791159751204,4.71791159751204,0,0.262563206858637,3.70074066168002,0,27.2213905843581,16.5502153732281,21.158005184081,21.0991420877431,21.0991420877431,0,1.1742183578525,16.5502153732281,0,2.75,0.239242224754041,1.06992375527664,6,0.0776501919750808,0.062656076916869,0.0140103247189574,0,0,0,0.0776501919750808,0.062656076916869,0.0140103247189574,0,0,NA,0,NA,0.2,0,0,NA,0,NA,0.0917662935482247,0,0,0,0.357375,8.4425,33.017,0.0332600894862233,1.45928560387753,6.26607247089645,0.00743718210289213,0.326306180885699,1.40113639968645,QU,QU.A,221.675,0,66.75,0,0,288.425,66.75,221.675,77.4048269608692,0,17.0127661044968,0,0,17.0127661044968,77.4048269608692,17.3082454871112,0,3.80417014949592,0,0,3.80417014949592,17.3082454871112,3.04958965775,42.038235282,0.349999210880967,0.349999210880967,0.0782622027601125,0.64754077324375
QU,QU.B,B,Baie-St-Ludger,Atlantic,West.Atlantic,2014,49.08696,-68.32041,1,June,2014-06-13,15.37,21,16.2,Intertidal,NA,25.665,73.435,0,1,3.89,0.3312,,622.29437231,206.152140677561,46.0970200262125,6.96245955947927,6.77275478537942,0.183644168039245,0.0513896734239069,0.0513896734239069,0,0.132254494615338,6.77275478537942,0.00606060606060606,0.678991045171205,0.664531300368115,0.0412844617325285,0.0211342052185475,0.0211342052185475,0,0.0287007603742503,0.664531300368115,0.00606060606060606,3.03654026623289,2.97187432159887,0.184629725696845,0.0945150390382061,0.0945150390382061,0,0.128353702405512,2.97187432159887,0.0271038542727247,6.74826429840229,6.04318406050219,0.705080237900102,0.0911366999510162,0.0911366999510162,0,0.613943537949086,6.04318406050219,0,0.79700085660732,0.669087352123683,0.218685630654948,0.0601713322935228,0.0601713322935228,0,0.204578224192631,0.669087352123683,0,3.56429618699906,2.99224960446778,0.977991871693752,0.269094378610091,0.269094378610091,0,0.914901632021831,2.99224960446778,0,2.2,0.2,0.894427190999916,6,0.0292362320999855,0.00759602551569411,0.00169852294119149,0,0,0,0.0292362320999855,0.00759602551569411,0.00169852294119149,0,0.1,NA,0,NA,0.1,0,0.0688247201611685,NA,0,NA,0.0688247201611685,0,0,0,0.35975,9.26275,38.99075,0.0304559647601859,1.7190706447319,6.25179685223208,0.00681016075241137,0.384395881974492,1.39794427431101,QU,QU.B,437.4,0,137.85,0,0,575.25,137.85,437.4,105.819807120158,0,47.3358938027504,0,0,47.3358938027504,105.819807120158,23.6620282086589,0,10.5846276318661,0,0,10.5846276318661,23.6620282086589,2.96051910713333,41.6601336173333,0.341767355975585,0.341767355975585,0.0882439518647188,0.624433498083729
RU,RU.A,A,Seldianaya,Atlantic,East.Atlantic,2014,66.40611111,33.72305556,1,August,2014-08-03,23,14,18.54,Intertidal,0.3,NA,NA,NA,1,5.75,-0.071,,924.688057045,216.744427818127,48.4655274345628,54.0146378536417,54.0146378536417,0,0,0,0,0,54.0146378536417,0,4.58623698217952,4.58623698217952,0,0,0,0,0,4.58623698217952,0,18.3449479287181,18.3449479287181,0,0,0,0,0,18.3449479287181,0,8.21022495375354,8.21022495375354,0,0,0,0,0,8.21022495375354,0,0.697108021291288,0.697108021291288,0,0,0,0,0,0.697108021291288,0,2.78843208516515,2.78843208516515,0,0,0,0,0,2.78843208516515,0,1.95,0.05,0.223606797749979,2,0.01213700819431,0.00611501612050326,0.00140288091091557,0,0,0,0.01213700819431,0.00611501612050326,0.00140288091091557,0.25,0,NA,0,NA,0,0.0993399267798783,0,NA,0,NA,0,56.2675,16.7598420024584,3.74761460096532,0.290825,4.209,41.328,0.0327274530663559,1.80617041802466,16.7876212540199,0.00731808097868057,0.403871983365235,3.75382623045088,RU,RU.A,505.75,0,160.1,0,0,665.85,160.1,505.75,184.340681462626,0,42.1312485604588,0,0,42.1312485604588,184.340681462626,41.2198294769067,0,9.42083357581259,0,0,9.42083357581259,41.2198294769067,1.7068320602,37.4964783185,0.308926930269791,0.308926930269791,0.0690781616163591,2.1029087200629
RU,RU.B,B,Nicolskaya,Atlantic,East.Atlantic,2014,66.28583333,34.0025,1,August,2014-08-10,15,10,17.54,Intertidal,0.1,NA,NA,NA,0.47,3.17,-0.2235,,693.9139291885,274.714271141783,61.4279784662335,84.0640735252668,84.0519434913028,0,0,0,0,0,84.0519434913028,0.0121300339640951,10.8955384947556,10.893429016046,0,0,0,0,0,10.893429016046,0.0121300339640951,46.2258549259247,46.2169051657224,0,0,0,0,0,46.2169051657224,0.0514633756322087,12.7777876959764,12.775895410678,0,0,0,0,0,12.775895410678,0.00189228529839884,1.65613031599879,1.65580121043899,0,0,0,0,0,1.65580121043899,0.00189228529839884,7.0263658618282,7.0249695851898,0,0,0,0,0,7.0249695851898,0.00802828659862456,1.9,0.123544153624268,0.552506251453083,3,0.00554071973375462,0.00496015884716522,0.00110912523614584,0,0,0,0.00554071973375462,0.00496015884716522,0.00110912523614584,0.315789473684211,0,NA,0,NA,0,0.109561368392954,0,NA,0,NA,0,35.958,16.084433991972,3.59658877856578,0.19985,2.50741666666667,28.744,0.0186562392554849,0.497342197783283,4.63109672130752,0.00417166191797642,0.111209096232257,1.035544707922,RU,RU.B,139.473684210526,0,55.1052631578947,0,0,184.85,52.35,132.5,86.9729322011884,0,35.0636639031889,0,0,36.2847292803373,90.2153855474424,19.9529590678102,0,8.0441561865408,0,0,8.11351212160113,20.1727734700433,1.78352254942105,38.3565952305,0.326051752060108,0.326051752060108,0.0748014019786521,0.301186061696118
SD,SD.A,A,Shelter Island,Pacific,East.Pacific,2011,32.713756,-117.225474,1,May,2014-05-28,19.44,35,14.12,Shallow.Subtidal,1.8288,10.805,89.19,0,0.68,5.8,-0.0543,,356.50623887,141.072748836565,31.5448256171313,30.2408626693976,8.15506023631506,22.0858024330826,6.68356684378928,6.55670618675815,0.126860657031129,0.024502341495055,8.15506023631506,0,2.93363358166971,0.783379386259581,2.69799257690727,0.776246375313675,0.750325439266478,0.0472996526308491,0.0134688149969023,0.783379386259581,0,13.1196082193793,3.50337911969698,12.065789609509,3.47147932497838,3.35555737489447,0.211530477189411,0.0602343718188843,3.50337911969698,0,24.2902539222417,20.2525869590291,4.03766696321256,1.61593422169241,1.58659969827789,0.0293345234145167,0.00350383483379287,20.2525869590291,0,3.54376944725447,3.28913205496707,0.545111031998139,0.205660935763488,0.198657487096527,0.0139737525931063,0.00192604054455703,3.28913205496707,0,15.8482187612957,14.7094457237599,2.4378106456658,0.919743665366755,0.888423290774242,0.0624925213978994,0.00861351517010046,14.7094457237599,0,14.3,0.580834245764342,2.59756971437777,27,1.07101316411468,0.392726259836187,0.087816261354296,0,0,0,1.07101316411468,0.392726259836187,0.087816261354296,0.842105263157895,0.0555555555555556,NA,0,0.722222222222222,0.55,0.085947008518708,0.0555555555555556,NA,0,0.108632484565978,0.114132886537902,0,0,0,0.386,12.005,65.178,0.0366203854646418,5.05421502052339,14.6136963874737,0.00818856712611843,1.13015683587908,3.26772185249344,SD,SD.A,303.575,0,353.225,0,0,656.8,353.225,303.575,84.3230434572587,0,77.9438858545381,0,0,77.9438858545381,84.3230434572587,18.8552057240099,0,17.4287827201231,0,0,17.4287827201231,18.8552057240099,1.33417900815,31.7872831345,0.111334565907582,0.111334565907582,0.0248951657614783,0.255665449985396
SD,SD.B,B,Coronado ,Pacific,East.Pacific,2014,32.700762,-117.172885,1,June,2014-06-04,21.11,35,14.2173,Shallow.Subtidal,0.3048,7.525,92.36,0,0.89,4.09,0.0008,,"1,059.969442345",254.458771168843,56.8987109804597,24.0754778934221,0.494949024600359,23.5805288688217,20.3379820204627,18.9162178835941,1.42176413686868,0.180058099008864,0.494949024600359,0,2.73277340625331,0.0596526785906677,2.70543161781488,2.08871942465625,2.01378363237676,0.273457831173343,0.0298442013708121,0.0596526785906677,0,12.2213342069721,0.266774888737359,12.0990580118226,9.34103723891124,9.00591418794177,1.22294059896651,0.133467325998657,0.266774888737359,0,8.20181810938785,1.31688986818196,6.88492824120588,5.98541756843196,5.25197257199077,0.733444996441187,0.366483778314487,1.31688986818196,0,0.953500915923532,0.220567113908792,0.821342608900836,0.71991983500015,0.673363489070537,0.153361120191835,0.093696699786501,0.220567113908792,0,4.26418572922666,0.986406120601998,3.67315581263859,3.21957937882154,3.01137307025631,0.685851779708915,0.419024379980012,0.986406120601998,0,14.9,0.512475930115131,2.29186203313973,30,0.145624435590039,0.0341307647797841,0.00763187101716529,0,0,0,0.145624435590039,0.0341307647797841,0.00763187101716529,0.9,NA,0.529411764705882,0,1,0.75,0.0688247201611685,NA,0.124783549621155,0,0,0.0993399267798783,0,0,0,0.295,5.327,32.392,0.0336389498553154,1.01210099350442,5.36218886963936,0.00752189785681919,0.226312662157095,1.19902188207064,SD,SD.B,"1,122.425",0,242.525,0,0,"1,364.95",242.525,"1,122.425",536.490846417228,0,62.5698504410113,0,0,62.5698504410113,536.490846417228,119.963000189532,0,13.9910438928097,0,0,13.9910438928097,119.963000189532,1.87884433841176,36.3969945905,0.211363126554767,0.211363126554767,0.0512630880085939,0.263329121116698
SF,SF.A,A,Point Molate,Pacific,East.Pacific,2014,37.946557,-122.418499,1,July,2014-07-11,17.7,30,14.6,Intertidal,-0.5,NA,NA,NA,0.95,4.58,0.0711,,48.35,25.893049260371,5.78986182909402,5.03243450561419,1.12959421489671,3.88361839313175,3.34947393455749,3.34947393455749,0,0.534144458574258,1.12959421489671,0,0.679837534068704,0.197978390155969,0.69040539042091,0.677937081558719,0.677937081558719,0,0.144986784737409,0.197978390155969,0,3.0403258796669,0.885386276929445,3.08758677002688,3.03182679766623,3.03182679766623,0,0.648400613023951,0.885386276929445,0,56.0631057492452,40.757390650468,15.3029663674224,2.39569311277934,2.39569311277934,0,12.9072732546431,40.757390650468,0,9.13026189298436,9.28116622281175,3.27423430491519,0.581163777600719,0.581163777600719,0,3.23807177586291,9.28116622281175,0,40.8317724901779,41.5066371693641,14.6428209601043,2.59904342555156,2.59904342555156,0,14.4810972137059,41.5066371693641,0,2.7,0.291095932821575,1.30182058752551,6,0.334133371989537,0.592447729575511,0.132475339644626,0,0,0,0.334133371989537,0.592447729575511,0.132475339644626,0.55,NA,0.05,0.05,NA,0.05,0.114132886537902,NA,0.05,0.05,NA,0.05,0,0,0,0.958333333333333,23.2975,117.463333333333,0.0656724104710344,4.60087798320867,17.2176738381717,0.0146847974059502,1.02878759266367,3.84998891165715,SF,SF.A,113.894736842105,0,148.263157894737,0,0,262.157894736842,148.263157894737,113.894736842105,63.6224931720449,0,51.9517319840287,0,0,51.9517319840287,63.6224931720449,14.5960009617395,0,11.9185447189627,0,0,11.9185447189627,14.5960009617395,2.85753030145455,34.4819302986364,0.168724525816995,0.168724525816995,0.035972189770944,0.174748107897545
SF,SF.B,B,Point San Pablo,Pacific,East.Pacific,2014,37.978118,-122.405941,1,July,2014-07-12,17.5,27,14.6,Intertidal,-0.5,17.815,80.095,0,1,4.58,-0.0019,,34.55,11.3530658970675,2.53862270988776,20.7597023897308,0.0637739708282136,20.6490680627638,2.67160638738321,2.04326728433834,0.628339103044863,17.9774616753806,0.0637739708282136,0,4.26304813098718,0.0440197213233213,4.28880018350062,0.609650894122429,0.477474881405819,0.202325589675701,3.99117364346274,0.0440197213233213,0,14.1389311137103,0.145996899005464,14.224341009479,2.02198326890878,1.58360502844255,0.671038066441705,13.2372254485216,0.145996899005464,0,429.556386245432,1.83769630723043,427.610911119083,8.44305375536509,7.55423940636113,0.888814349003952,419.167857363718,1.83769630723043,0,83.3847239392587,1.82690533321319,83.9187676187969,3.35950272597916,3.29649921193637,0.293630397599963,82.5993581559699,1.82690533321319,0,276.555842553887,6.05915951776735,278.327065060576,11.142210024249,10.9332510076952,0.973861855881949,273.951078927534,6.05915951776735,0,3.85,0.310135793687726,1.38696943388321,11,0.0933223478246524,0.0451094728870387,0.0100867847804602,0,0,0,0.0933223478246524,0.0451094728870387,0.0100867847804602,0.65,NA,0.25,0.176470588235294,NA,0.75,0.109424330980483,NA,0.0993399267798783,0.0953050102707038,NA,0.0993399267798783,0,0,0,0.916666666666667,27.5733333333333,126.85,0.0753160980128621,5.24899990474376,20.712754214119,0.0168411914956796,1.1737120600897,4.63151264240152,SF,SF.B,82.525,0,206.6,0,0,289.125,206.6,82.525,28.0584329194404,0,79.8402352069102,0,0,79.8402352069102,28.0584329194404,6.27405633499866,0,17.8528193262223,0,0,17.8528193262223,6.27405633499866,2.90597916988889,34.7696632811111,0.191038316854621,0.191038316854621,0.045028163104789,0.211169029532872
SW,SW.A,A,Torseröd,Atlantic,East.Atlantic,2014,58.3131,11.5488,1,August,2014-08-06,21,25,15.7,Shallow.Subtidal,1.1,NA,NA,NA,0.58,4.56,0.0308,Missing all epibiota data,"1,373.656654685",704.030906139391,157.426096438845,6.4040592210909,5.5173767517543,0.325818641333315,0.325818641333315,0.325818641333315,0,0,5.60505017765119,0.473190402106389,1.11914163306193,0.985732217286679,0.0931388523233767,0.0931388523233767,0.0931388523233767,0,0,1.00001085828114,0.190136384109895,5.00495353595321,4.40832849092921,0.416529610282769,0.416529610282769,0.416529610282769,0,0,4.47218451470908,0.850315759731474,10.7938777925008,10.3266022670558,0.138392656571498,0.138392656571498,0.138392656571498,0,0,10.4106508510418,0.244834284887493,2.40143207300554,2.35760890211585,0.0314705258329186,0.0314705258329186,0.0314705258329186,0,0,2.38297620585021,0.204553885972099,10.7395307171773,10.5435475389794,0.140740470100138,0.140740470100138,0.140740470100138,0,0,10.6569935700912,0.914792788190706,2.8,0.304354364101073,1.36111409475744,9,NA,NA,NA,0.000776438542791612,0.00195895233845767,0.000438035059347352,NA,NA,NA,0.421052631578947,0.1,NA,0,NA,0.65,0.116372799661593,0.0688247201611685,NA,0,NA,0.109424330980483,0.2138295,0.523914970647106,0.117150948879674,0.443,6.263,32.727,0.0587680543367425,1.63833387767477,13.2720113495716,0.0131409364402357,0.366342592032161,2.96771195757909,SW,SW.A,136.8,0,177.775,0,0,314.575,177.775,136.8,43.023371861301,0,72.3724785943851,0,0,72.3724785943851,43.023371861301,9.62031841031208,0,16.1829781837194,0,0,16.1829781837194,9.62031841031208,1.17291266915,37.7598493575,0.294841889881484,0.294841889881484,0.0659286508389505,0.355555607853981
SW,SW.B,B,Bökevik,Atlantic,East.Atlantic,2014,58.2488,11.4536,1,August,2014-08-06,21,24,15.7,Shallow.Subtidal,1.3,54.515,38.95,0,0.42,3.55,-0.0909,,570.405070255,168.471547591992,37.6713832690285,28.9319813816009,15.1592557512022,8.56273349121429,8.56273349121429,8.56273349121429,0,0,15.1880261062284,5.18122178415823,4.09113618723003,2.41941960490717,1.77827129617973,1.77827129617973,1.77827129617973,0,0,2.41183449842697,1.0993831375489,15.8449023202084,9.37037183729319,6.88721511514277,6.88721511514277,6.88721511514277,0,0,9.34099484621619,4.25789258282814,12.4296064897882,9.85306324997527,2.57010731139353,2.57010731139353,2.57010731139353,0,0,9.85949917839463,0,2.23853113152953,1.99440521754791,0.37810455744094,0.37810455744094,0.37810455744094,0,0,1.99296889123155,0,8.66979379238071,7.72429819315224,1.46439265409388,1.46439265409388,1.46439265409388,0,0,7.71873532524924,0,4.5,0.294689845877251,1.31789305532094,11,0.2099999639645,0.0496174962347091,0.0137614174487988,0.000535220994475138,0.0023935810532629,0.000535220994475138,0.248244011136555,0.104658093526523,0.0290269325078605,0.941176470588235,0.3,NA,0,NA,1,0.0588235294117647,0.105131496607569,NA,0,NA,0,59.3886435,42.955635250603,9.60517204370345,0.39475,3.7535,22.67725,0.045982691251566,0.705894542593409,5.21112612210896,0.0102820423426886,0.157842818218498,1.16524322483605,SW,SW.B,156.5,0,78.9,0,0,235.4,78.9,156.5,58.596299505937,0,35.2317888755087,0,0,35.2317888755087,58.596299505937,13.1025308925212,0,7.87806748945584,0,0,7.87806748945584,13.1025308925212,1.1213469714,37.6403367995,0.125206741684456,0.125206741684456,0.02799707856477,0.148293230004297
UK,UK.A,A,Porth Dinllaen,Atlantic,East.Atlantic,2014,55.942292,-4.565192,1,September,2014-09-10,17.5,34.4,18.5,Intertidal,0,NA,NA,NA,1,5.01,0.0258,,737.136960092105,374.269104546352,85.8632212845793,54.6148418999782,53.7668410770847,0.848000822893433,0.809363633826212,0.809363633826212,0,0,53.7386360272043,0,9.22101252518667,9.05408731533744,0.310067682266496,0.305608324095151,0.305608324095151,0,0,9.00467466986776,0,40.1934617544115,39.4658516335494,1.35155369265754,1.33211580103559,1.33211580103559,0,0,39.250466905414,0,26.2732028380781,23.9634547548297,2.30974808324838,2.2991808120385,2.2991808120385,0,0,23.5094684653535,0,5.46796175664399,4.2850930806241,2.07038229790137,2.07083726480676,2.07083726480676,0,0,4.1137971283385,0,23.8342927243563,18.6782877021058,9.02458721104758,9.02657036581083,9.02657036581083,0,0,17.9316259566553,0,4.35,0.292673700111305,1.30887657735053,18,0.124868854131869,0.0928790362126797,0.0207683838656216,0,0,0,0.124868854131869,0.0928790362126797,0.0207683838656216,0.45,0,NA,0.05,NA,0.95,0.114132886537902,0,NA,0.05,NA,0.05,3.7769745,4.67934138374586,1.04633254239837,0.3631,4.2592,23.0931,0.0391083515108313,0.817945410609316,4.48794546711404,0.00874489324661753,0.182898154000641,1.0035351143779,UK,UK.A,331.411764705882,0,52.2941176470588,0,0,383.705882352941,52.2941176470588,331.411764705882,124.659565830068,0,27.317038423579,0,0,27.317038423579,124.659565830068,30.2343857153536,0,6.62535498820427,0,0,6.62535498820427,30.2343857153536,1.9430055559,38.3223396295,0.17810838228351,0.17810838228351,0.0398262450148448,0.149314310655292
UK,UK.B,B,Penn Y Chain,Atlantic,East.Atlantic,2014,52.897536,-4.322364,1,September,2014-09-10,15.3,32.7,18.5,Intertidal,0.4,NA,NA,NA,0.95,4.69,0.0555,,238.7318563735,110.507067026308,24.7101313864951,101.539763299594,100.580865659214,0.958897640380002,0.958897640380002,0.958897640380002,0,0,100.580865659214,0,63.5193545500436,63.5185515431976,0.257238110602356,0.257238110602356,0.257238110602356,0,0,63.5185515431976,0,284.067189321616,284.063598165828,1.15040380342096,1.15040380342096,1.15040380342096,0,0,284.063598165828,0,44.1518907224515,43.8774588325549,0.274431889896585,0.274431889896585,0.274431889896585,0,0,43.8758020147497,0,29.519659035447,29.5276000562221,0.0729640590817206,0.0729640590817206,0.0729640590817206,0,0,29.5277077318415,0,132.015928551751,132.051441876279,0.326305192042076,0.326305192042076,0.326305192042076,0,0,132.051923416288,0,4.95,0.320156211871642,1.43178210632764,13,0.119661952806033,0.0824621221356129,0.0184390910664121,0,0,0,0.119661952806033,0.0824621221356129,0.0184390910664121,0.75,0.45,NA,0.1,NA,0.6,0.0993399267798783,0.114132886537902,NA,0.0688247201611685,NA,0.112390297389803,35.0458,35.743615003522,8.4248508510372,0.3859,3.5972,21.6819,0.0468479062049679,0.620860319912704,3.4795295190132,0.0104755102877842,0.138828587985707,0.778046453423066,UK,UK.B,243.947368421053,0,28.7894736842105,0,0,272.736842105263,28.7894736842105,243.947368421053,172.110259776888,0,14.5471606522007,0,0,14.5471606522007,172.110259776888,39.4848015533678,0,3.33734753675758,0,0,3.33734753675758,39.4848015533678,1.3761096627,36.4849561695,0.284971636509796,0.284971636509796,0.0637215950895264,0.925847368624025
VA,VA.A,A,Goodwin Islands,Atlantic,West.Atlantic,2011,37.2204206,-76.4013352,1,June,2014-06-09,27.44,18.27,14.633,Shallow.Subtidal,NA,8.86,90.96,0,1,5.1,-0.116,,"1,858.925388275",585.149559479521,130.843419200027,42.112204250652,0,40.9347455101368,36.5345039648482,6.6483756579464,29.8861283069018,4.40024154528858,1.17745874051529,0,4.44108787556376,0,4.43739794425509,4.49177455665004,1.32030803835575,3.98272746516749,0.432816731041855,0.178694996513285,0,19.8611487676214,0,19.8446468931444,20.087826496547,5.90459705000571,17.8112986959399,1.93561526481766,0.799148318885584,0,35.3931555108078,0,32.8291884992837,14.5957299759394,5.30955080883024,9.28617916710916,18.2334585233443,2.56396701152406,0,3.17969247904298,0,3.16248264751566,2.21250732793973,1.16014099183542,1.62303926489622,2.17372586368925,0.502980500053297,0,14.2200170613699,0,14.143052355017,9.89463357197929,5.18830824245604,7.25845225291847,9.72119759131722,2.24939717895202,0,6.2,0.407818329006537,1.82381901225798,12,0.243931691760494,0.0897457017933951,0.0200677489898456,0,0,0,0.243931691760494,0.0897457017933951,0.0200677489898456,0.55,0.2,0.6,0.2,NA,0.3,0.114132886537902,0.0917662935482247,0.112390297389803,0.0917662935482247,NA,0.105131496607569,1.85401,1.52722537987927,0.341497976637298,0.3075,8.3075,40.06375,0.0315185826558172,1.05737074611361,3.88252219805902,0.0070477693372853,0.236435286572969,0.868158355901188,VA,VA.A,691.277777777778,0,329.4,0,0,951.55,329.4,622.15,210.847255992287,0,85.0222261962625,0,0,85.0222261962625,291.630493496208,49.6971748355741,0,19.0115477373206,0,0,19.0115477373206,65.2105607769332,2.16131234165,36.7142530435,0.266393754616889,0.266393754616889,0.0595674544104762,0.508261729317012
VA,VA.B,B,Allen's Islands,Atlantic,West.Atlantic,2014,37.2543093,-76.4374474,1,June,2014-06-11,26.4,18.04,14.683,Shallow.Subtidal,NA,21.915,77.03,0.53,1,5.84,0.005,,"1,327.349121485",251.295573979766,56.1913985863585,19.959636228973,0,16.7829231460507,11.0182177195928,10.3186981538449,0.699519565747827,5.76470542645792,3.17671308292235,0,1.35844522610913,0,1.31457775530143,1.15045043402762,1.13002135389554,0.198857465406212,0.755025445426645,0.389397646578896,0,6.07515173858018,0,5.87897044512616,5.1449707504598,5.05360912667356,0.889317620963204,3.37657644143207,1.7414392160577,0,46.541825339886,0,42.3447526071125,11.6857824807487,11.3312897322747,0.354492748473998,30.6589701263638,4.19707273277356,0,4.59845843693173,0,4.52282596571678,2.01570741235009,2.02476802408883,0.117209689059259,4.34457685789614,0.496588336767794,0,20.5649313133736,0,20.2266926194877,9.01451759352999,9.05503788106109,0.524177664716232,19.4295383754564,2.22081055569269,0,5.9,0.306937332880491,1.37266548230652,12,0.150565554894979,0.0557641527498211,0.0124692436256282,0,0,0,0.150565554894979,0.0557641527498211,0.0124692436256282,0.65,0.210526315789474,0.684210526315789,0.15,NA,0.5,0.109424330980483,0.0960916767552923,0.109561368392954,0.0819178021909125,NA,0.114707866935281,8.749965,6.78700131026602,1.5176196293135,0.355625,11.25,51.8275,0.0374945171430367,1.2007399034718,6.2232316236908,0.00838402891153613,0.268493604745949,1.3915568950299,VA,VA.B,467.2,0,401.9,0,0,869.1,401.9,467.2,138.765838356336,0,153.274401337155,0,0,153.274401337155,138.765838356336,31.0289847519516,0,34.2731980600462,0,0,34.2731980600462,31.0289847519516,2.31337293395,36.835799027,0.330798809647535,0.330798809647535,0.0739688625247902,0.65417342146596
WA,WA.A,A,Willapa Bay,Pacific,East.Pacific,2011,46.474,-124.028,1,June,2014-06-27,17,23,15.68,Shallow.Subtidal,-0.3,35.41,63.09,0,0.95,6.18,-0.0126,,103.450471086,51.5073081712141,11.5173842408865,1.64203439329466,0,1.72960006755035,1.48100512780822,0.4558534561549,1.02515167165332,0.200187174386422,0,0,0.311649409633368,0,0.299429038884725,0.281762712545507,0.116115790127235,0.262450912330171,0.059260889227709,0,0,1.39373853017578,0,1.33908737076734,1.26008115755297,0.519285599971194,1.1737161614542,0.265022753440485,0,0,0.83561653308984,0,0.83561653308984,0.515022374489374,0.118333627786415,0.396688746702958,0.303399813111585,0,0,0.156315745792606,0,0.156315745792606,0.103698334837227,0.0205992702719376,0.10522815423097,0.130233840200996,0,0,0.69906526709169,0,0.69906526709169,0.463753051699146,0.0921227372298862,0.470594612014564,0.582423439320545,0,0,3.5,0.394034462826206,1.76217568871402,16,0.762548890625765,0.179018927253739,0.0400298490598449,0,0,0,0.762548890625765,0.179018927253739,0.0400298490598449,0.7,NA,NA,0,NA,0.9,0.105131496607569,NA,NA,0,NA,0.0688247201611685,0.5235,0.611305979031778,0.136692172416712,1.041,28.039,121.11,0.063734647274131,5.18062168592068,13.868641644106,0.0142515003826929,1.15842222554282,3.10112254718055,WA,WA.A,48.75,0,169.65,0,0,230.833333333333,169.65,54.1666666666667,39.5978136025875,0,99.6669585749407,0,0,99.6669585749407,39.5978136025875,8.85434029757515,0,22.2862094484223,0,0,22.2862094484223,8.85434029757515,2.10100379261111,31.61908824165,0.250523892769399,0.250523892769399,0.0590490478088312,1.64299925410362
WA,WA.B,B,Dabob Bay,Pacific,East.Pacific,2014,47.809,-122.815,1,June,2014-06-15,16,20,15.93,Shallow.Subtidal,-1,7.11,92.885,0,0.95,4.67,0.0214,,"1,047.237076685",246.971794557695,55.2245721156118,31.9624930741952,3.09464430058165,30.5456056695152,27.6676650083291,1.33896662369061,26.3977210240642,0.2153701871847,3.09464430058165,0,5.37070616666377,0.77356866565089,4.76730204666938,4.4734769326766,0.320739881952509,4.51909378555587,0.09244918861139,0.77356866565089,0,24.018528151675,3.45950424331839,21.3200228912532,20.0059970344842,1.43439235828214,20.2100018023996,0.413445340399535,3.45950424331839,0,12.531289748629,6.38913212116033,6.14215762746866,5.90443017169443,0.288851503625785,5.61557866806865,0.0378669955888938,6.38913212116033,0,3.58389470787564,3.19860349208132,0.960269063422073,0.936522180366173,0.0540082203531935,0.941580687929985,0.0179530025800684,3.19860349208132,0,16.0276643820233,14.3045896827241,4.29445380500362,4.18825451547016,0.241532104107057,4.21087684902493,0.0802882683385241,14.3045896827241,0,5.7,0.435889894354067,1.94935886896179,21,0.435551072138026,0.226004862321621,0.0505362235396626,0,0,0,0.435551072138026,0.226004862321621,0.0505362235396626,NA,0.1,NA,0.0555555555555556,1,0.85,NA,0.0688247201611685,NA,0.0555555555555556,0,0.0819178021909125,18.6965371428571,20.9159537189068,5.59002376669783,0.4575,5.85325,27.2295,0.0467777499965191,0.667284905221782,3.12152202248232,0.0104598228826707,0.149209440843541,0.697993543553309,WA,WA.B,266.45,0,102,0,0,368.45,102,266.45,104.388179911632,0,28.6943970323935,0,0,28.6943970323935,104.388179911632,23.3419066329886,0,6.41626223378,0,0,6.41626223378,23.3419066329886,2.2193965316,37.4864423745,0.206456083165378,0.206456083165378,0.0461649836326134,0.315605837883865